Date,Canton To Id,Canton To Name,Count
2019-05-27,5,Schwyz,119
2019-05-27,10,Fribourg,50
2019-05-27,24,Neuchâtel,49
2019-05-27,25,Genève,69
2019-05-27,14,Schaffhausen,27
2019-05-27,20,Thurgau,48
2019-05-27,1,Zürich,1074
2019-05-27,21,Ticino,94933
2019-05-27,9,Zug,101
2019-05-27,13,Basel-Landschaft,82
2019-05-27,2,Bern,242
2019-05-27,17,St. Gallen,168
2019-05-27,22,Vaud,122
2019-05-27,12,Basel-Stadt,176
2019-05-27,3,Luzern,356
2019-05-27,18,Graubünden,914
2019-05-27,11,Solothurn,85
2019-05-27,23,Valais,119
2019-05-27,19,Aargau,166
2019-05-27,4,Uri,309
2019-05-27,-1,Other,77
2019-05-28,5,Schwyz,118
2019-05-28,10,Fribourg,38
2019-05-28,25,Genève,108
2019-05-28,20,Thurgau,69
2019-05-28,1,Zürich,948
2019-05-28,21,Ticino,98840
2019-05-28,9,Zug,83
2019-05-28,13,Basel-Landschaft,61
2019-05-28,2,Bern,171
2019-05-28,17,St. Gallen,196
2019-05-28,22,Vaud,97
2019-05-28,12,Basel-Stadt,98
2019-05-28,7,Nidwalden,24
2019-05-28,3,Luzern,294
2019-05-28,18,Graubünden,809
2019-05-28,11,Solothurn,62
2019-05-28,23,Valais,77
2019-05-28,19,Aargau,185
2019-05-28,4,Uri,219
2019-05-28,-1,Other,61
2019-05-29,5,Schwyz,175
2019-05-29,10,Fribourg,33
2019-05-29,25,Genève,47
2019-05-29,14,Schaffhausen,27
2019-05-29,20,Thurgau,42
2019-05-29,1,Zürich,1006
2019-05-29,6,Obwalden,80
2019-05-29,21,Ticino,109957
2019-05-29,9,Zug,72
2019-05-29,13,Basel-Landschaft,80
2019-05-29,2,Bern,212
2019-05-29,17,St. Gallen,213
2019-05-29,22,Vaud,92
2019-05-29,12,Basel-Stadt,136
2019-05-29,7,Nidwalden,70
2019-05-29,3,Luzern,331
2019-05-29,18,Graubünden,922
2019-05-29,11,Solothurn,64
2019-05-29,23,Valais,61
2019-05-29,19,Aargau,215
2019-05-29,4,Uri,274
2019-05-29,-1,Other,71
2019-05-30,5,Schwyz,149
2019-05-30,10,Fribourg,32
2019-05-30,25,Genève,27
2019-05-30,14,Schaffhausen,29
2019-05-30,20,Thurgau,68
2019-05-30,1,Zürich,931
2019-05-30,6,Obwalden,46
2019-05-30,21,Ticino,66046
2019-05-30,9,Zug,109
2019-05-30,13,Basel-Landschaft,45
2019-05-30,2,Bern,178
2019-05-30,17,St. Gallen,275
2019-05-30,22,Vaud,67
2019-05-30,12,Basel-Stadt,186
2019-05-30,7,Nidwalden,38
2019-05-30,3,Luzern,435
2019-05-30,18,Graubünden,853
2019-05-30,11,Solothurn,83
2019-05-30,23,Valais,82
2019-05-30,19,Aargau,153
2019-05-30,4,Uri,298
2019-05-30,-1,Other,53
2019-05-31,5,Schwyz,194
2019-05-31,10,Fribourg,34
2019-05-31,24,Neuchâtel,24
2019-05-31,25,Genève,49
2019-05-31,14,Schaffhausen,45
2019-05-31,20,Thurgau,49
2019-05-31,1,Zürich,1024
2019-05-31,6,Obwalden,65
2019-05-31,21,Ticino,95151
2019-05-31,9,Zug,136
2019-05-31,13,Basel-Landschaft,95
2019-05-31,2,Bern,231
2019-05-31,17,St. Gallen,305
2019-05-31,22,Vaud,86
2019-05-31,12,Basel-Stadt,173
2019-05-31,7,Nidwalden,38
2019-05-31,3,Luzern,430
2019-05-31,18,Graubünden,1076
2019-05-31,11,Solothurn,112
2019-05-31,23,Valais,102
2019-05-31,19,Aargau,252
2019-05-31,4,Uri,353
2019-05-31,-1,Other,59
2019-06-01,5,Schwyz,201
2019-06-01,10,Fribourg,53
2019-06-01,24,Neuchâtel,39
2019-06-01,25,Genève,33
2019-06-01,14,Schaffhausen,55
2019-06-01,20,Thurgau,126
2019-06-01,1,Zürich,1357
2019-06-01,6,Obwalden,86
2019-06-01,21,Ticino,78174
2019-06-01,9,Zug,95
2019-06-01,13,Basel-Landschaft,149
2019-06-01,2,Bern,250
2019-06-01,17,St. Gallen,464
2019-06-01,22,Vaud,127
2019-06-01,12,Basel-Stadt,264
2019-06-01,7,Nidwalden,52
2019-06-01,3,Luzern,434
2019-06-01,18,Graubünden,1278
2019-06-01,11,Solothurn,113
2019-06-01,26,Jura,24
2019-06-01,23,Valais,233
2019-06-01,8,Glarus,32
2019-06-01,19,Aargau,268
2019-06-01,4,Uri,364
2019-06-01,15,Appenzell Ausserrhoden,30
2019-06-01,-1,Other,15
2019-06-02,5,Schwyz,233
2019-06-02,10,Fribourg,117
2019-06-02,24,Neuchâtel,43
2019-06-02,25,Genève,122
2019-06-02,14,Schaffhausen,92
2019-06-02,20,Thurgau,119
2019-06-02,1,Zürich,2199
2019-06-02,6,Obwalden,62
2019-06-02,21,Ticino,60391
2019-06-02,9,Zug,206
2019-06-02,13,Basel-Landschaft,175
2019-06-02,2,Bern,371
2019-06-02,17,St. Gallen,563
2019-06-02,22,Vaud,284
2019-06-02,12,Basel-Stadt,382
2019-06-02,7,Nidwalden,66
2019-06-02,3,Luzern,556
2019-06-02,18,Graubünden,2215
2019-06-02,11,Solothurn,148
2019-06-02,23,Valais,386
2019-06-02,19,Aargau,327
2019-06-02,4,Uri,270
2019-06-02,-1,Other,63
2019-06-03,5,Schwyz,131
2019-06-03,10,Fribourg,46
2019-06-03,24,Neuchâtel,36
2019-06-03,25,Genève,104
2019-06-03,14,Schaffhausen,33
2019-06-03,20,Thurgau,63
2019-06-03,1,Zürich,1155
2019-06-03,6,Obwalden,59
2019-06-03,21,Ticino,96905
2019-06-03,9,Zug,100
2019-06-03,13,Basel-Landschaft,99
2019-06-03,2,Bern,233
2019-06-03,17,St. Gallen,299
2019-06-03,22,Vaud,137
2019-06-03,12,Basel-Stadt,197
2019-06-03,7,Nidwalden,42
2019-06-03,3,Luzern,362
2019-06-03,18,Graubünden,931
2019-06-03,11,Solothurn,70
2019-06-03,23,Valais,93
2019-06-03,19,Aargau,215
2019-06-03,4,Uri,225
2019-06-03,-1,Other,43
2019-06-04,5,Schwyz,105
2019-06-04,10,Fribourg,39
2019-06-04,25,Genève,58
2019-06-04,20,Thurgau,61
2019-06-04,1,Zürich,868
2019-06-04,6,Obwalden,55
2019-06-04,21,Ticino,101386
2019-06-04,9,Zug,117
2019-06-04,13,Basel-Landschaft,74
2019-06-04,2,Bern,210
2019-06-04,17,St. Gallen,206
2019-06-04,22,Vaud,111
2019-06-04,12,Basel-Stadt,132
2019-06-04,7,Nidwalden,61
2019-06-04,3,Luzern,383
2019-06-04,18,Graubünden,824
2019-06-04,11,Solothurn,88
2019-06-04,23,Valais,85
2019-06-04,19,Aargau,171
2019-06-04,4,Uri,249
2019-06-04,-1,Other,88
2019-06-05,5,Schwyz,183
2019-06-05,10,Fribourg,39
2019-06-05,24,Neuchâtel,22
2019-06-05,25,Genève,73
2019-06-05,14,Schaffhausen,21
2019-06-05,20,Thurgau,62
2019-06-05,1,Zürich,968
2019-06-05,6,Obwalden,26
2019-06-05,21,Ticino,100281
2019-06-05,9,Zug,90
2019-06-05,13,Basel-Landschaft,87
2019-06-05,2,Bern,217
2019-06-05,17,St. Gallen,232
2019-06-05,22,Vaud,118
2019-06-05,12,Basel-Stadt,216
2019-06-05,7,Nidwalden,211
2019-06-05,3,Luzern,410
2019-06-05,18,Graubünden,822
2019-06-05,11,Solothurn,82
2019-06-05,23,Valais,80
2019-06-05,19,Aargau,208
2019-06-05,4,Uri,347
2019-06-05,-1,Other,32
2019-06-06,5,Schwyz,99
2019-06-06,10,Fribourg,40
2019-06-06,24,Neuchâtel,29
2019-06-06,25,Genève,72
2019-06-06,14,Schaffhausen,21
2019-06-06,20,Thurgau,50
2019-06-06,1,Zürich,960
2019-06-06,21,Ticino,100017
2019-06-06,9,Zug,88
2019-06-06,13,Basel-Landschaft,67
2019-06-06,2,Bern,264
2019-06-06,17,St. Gallen,221
2019-06-06,22,Vaud,116
2019-06-06,12,Basel-Stadt,168
2019-06-06,7,Nidwalden,37
2019-06-06,3,Luzern,372
2019-06-06,18,Graubünden,914
2019-06-06,11,Solothurn,83
2019-06-06,23,Valais,84
2019-06-06,19,Aargau,166
2019-06-06,4,Uri,217
2019-06-06,-1,Other,59
2019-06-07,5,Schwyz,184
2019-06-07,10,Fribourg,42
2019-06-07,24,Neuchâtel,22
2019-06-07,25,Genève,105
2019-06-07,14,Schaffhausen,34
2019-06-07,20,Thurgau,77
2019-06-07,1,Zürich,994
2019-06-07,6,Obwalden,26
2019-06-07,21,Ticino,101359
2019-06-07,9,Zug,88
2019-06-07,13,Basel-Landschaft,98
2019-06-07,2,Bern,207
2019-06-07,17,St. Gallen,283
2019-06-07,22,Vaud,106
2019-06-07,12,Basel-Stadt,205
2019-06-07,7,Nidwalden,49
2019-06-07,3,Luzern,409
2019-06-07,18,Graubünden,1161
2019-06-07,11,Solothurn,48
2019-06-07,23,Valais,141
2019-06-07,19,Aargau,267
2019-06-07,4,Uri,334
2019-06-07,-1,Other,41
2019-06-08,5,Schwyz,175
2019-06-08,10,Fribourg,49
2019-06-08,25,Genève,38
2019-06-08,14,Schaffhausen,33
2019-06-08,20,Thurgau,64
2019-06-08,1,Zürich,840
2019-06-08,6,Obwalden,69
2019-06-08,21,Ticino,74282
2019-06-08,9,Zug,135
2019-06-08,13,Basel-Landschaft,119
2019-06-08,2,Bern,180
2019-06-08,17,St. Gallen,287
2019-06-08,22,Vaud,79
2019-06-08,12,Basel-Stadt,246
2019-06-08,7,Nidwalden,50
2019-06-08,3,Luzern,400
2019-06-08,18,Graubünden,1057
2019-06-08,11,Solothurn,73
2019-06-08,23,Valais,78
2019-06-08,19,Aargau,270
2019-06-08,4,Uri,512
2019-06-08,-1,Other,52
2019-06-09,5,Schwyz,151
2019-06-09,10,Fribourg,57
2019-06-09,24,Neuchâtel,24
2019-06-09,25,Genève,57
2019-06-09,14,Schaffhausen,61
2019-06-09,20,Thurgau,99
2019-06-09,1,Zürich,939
2019-06-09,6,Obwalden,26
2019-06-09,21,Ticino,53223
2019-06-09,9,Zug,139
2019-06-09,13,Basel-Landschaft,120
2019-06-09,2,Bern,262
2019-06-09,17,St. Gallen,338
2019-06-09,22,Vaud,88
2019-06-09,12,Basel-Stadt,238
2019-06-09,7,Nidwalden,43
2019-06-09,3,Luzern,573
2019-06-09,18,Graubünden,772
2019-06-09,11,Solothurn,108
2019-06-09,23,Valais,184
2019-06-09,19,Aargau,185
2019-06-09,4,Uri,402
2019-06-09,-1,Other,49
2019-06-10,5,Schwyz,254
2019-06-10,10,Fribourg,88
2019-06-10,24,Neuchâtel,47
2019-06-10,25,Genève,188
2019-06-10,14,Schaffhausen,59
2019-06-10,20,Thurgau,99
2019-06-10,1,Zürich,1828
2019-06-10,21,Ticino,48071
2019-06-10,9,Zug,176
2019-06-10,13,Basel-Landschaft,163
2019-06-10,2,Bern,326
2019-06-10,17,St. Gallen,454
2019-06-10,22,Vaud,254
2019-06-10,12,Basel-Stadt,367
2019-06-10,7,Nidwalden,54
2019-06-10,3,Luzern,506
2019-06-10,18,Graubünden,767
2019-06-10,11,Solothurn,116
2019-06-10,23,Valais,154
2019-06-10,19,Aargau,244
2019-06-10,4,Uri,402
2019-06-10,15,Appenzell Ausserrhoden,23
2019-06-10,-1,Other,61
2019-06-11,5,Schwyz,125
2019-06-11,10,Fribourg,50
2019-06-11,25,Genève,60
2019-06-11,14,Schaffhausen,36
2019-06-11,20,Thurgau,28
2019-06-11,1,Zürich,1062
2019-06-11,6,Obwalden,28
2019-06-11,21,Ticino,96340
2019-06-11,9,Zug,125
2019-06-11,13,Basel-Landschaft,76
2019-06-11,2,Bern,250
2019-06-11,17,St. Gallen,251
2019-06-11,22,Vaud,71
2019-06-11,12,Basel-Stadt,197
2019-06-11,7,Nidwalden,26
2019-06-11,3,Luzern,357
2019-06-11,18,Graubünden,860
2019-06-11,11,Solothurn,90
2019-06-11,23,Valais,77
2019-06-11,19,Aargau,121
2019-06-11,4,Uri,298
2019-06-11,-1,Other,51
2019-06-12,5,Schwyz,106
2019-06-12,10,Fribourg,32
2019-06-12,25,Genève,85
2019-06-12,14,Schaffhausen,33
2019-06-12,20,Thurgau,26
2019-06-12,1,Zürich,940
2019-06-12,21,Ticino,92573
2019-06-12,9,Zug,119
2019-06-12,13,Basel-Landschaft,84
2019-06-12,2,Bern,207
2019-06-12,17,St. Gallen,114
2019-06-12,22,Vaud,83
2019-06-12,12,Basel-Stadt,231
2019-06-12,7,Nidwalden,59
2019-06-12,3,Luzern,355
2019-06-12,18,Graubünden,702
2019-06-12,11,Solothurn,57
2019-06-12,23,Valais,124
2019-06-12,19,Aargau,179
2019-06-12,4,Uri,246
2019-06-12,-1,Other,52
2019-06-13,5,Schwyz,136
2019-06-13,10,Fribourg,37
2019-06-13,24,Neuchâtel,26
2019-06-13,25,Genève,68
2019-06-13,14,Schaffhausen,34
2019-06-13,20,Thurgau,39
2019-06-13,1,Zürich,830
2019-06-13,21,Ticino,102036
2019-06-13,9,Zug,110
2019-06-13,13,Basel-Landschaft,61
2019-06-13,2,Bern,256
2019-06-13,17,St. Gallen,151
2019-06-13,22,Vaud,94
2019-06-13,12,Basel-Stadt,171
2019-06-13,7,Nidwalden,38
2019-06-13,3,Luzern,365
2019-06-13,18,Graubünden,822
2019-06-13,11,Solothurn,83
2019-06-13,23,Valais,58
2019-06-13,19,Aargau,224
2019-06-13,4,Uri,246
2019-06-13,-1,Other,36
2019-06-14,5,Schwyz,209
2019-06-14,10,Fribourg,60
2019-06-14,24,Neuchâtel,31
2019-06-14,25,Genève,81
2019-06-14,14,Schaffhausen,38
2019-06-14,20,Thurgau,51
2019-06-14,1,Zürich,957
2019-06-14,6,Obwalden,25
2019-06-14,21,Ticino,107277
2019-06-14,9,Zug,108
2019-06-14,13,Basel-Landschaft,127
2019-06-14,2,Bern,296
2019-06-14,17,St. Gallen,307
2019-06-14,22,Vaud,123
2019-06-14,12,Basel-Stadt,209
2019-06-14,7,Nidwalden,61
2019-06-14,3,Luzern,496
2019-06-14,18,Graubünden,1135
2019-06-14,11,Solothurn,91
2019-06-14,23,Valais,125
2019-06-14,19,Aargau,253
2019-06-14,4,Uri,405
2019-06-14,-1,Other,43
2019-06-15,5,Schwyz,173
2019-06-15,10,Fribourg,88
2019-06-15,25,Genève,44
2019-06-15,14,Schaffhausen,71
2019-06-15,20,Thurgau,77
2019-06-15,1,Zürich,950
2019-06-15,6,Obwalden,54
2019-06-15,21,Ticino,79722
2019-06-15,9,Zug,141
2019-06-15,13,Basel-Landschaft,176
2019-06-15,2,Bern,354
2019-06-15,17,St. Gallen,475
2019-06-15,22,Vaud,79
2019-06-15,12,Basel-Stadt,260
2019-06-15,7,Nidwalden,75
2019-06-15,3,Luzern,503
2019-06-15,18,Graubünden,1110
2019-06-15,11,Solothurn,149
2019-06-15,23,Valais,113
2019-06-15,19,Aargau,243
2019-06-15,4,Uri,417
2019-06-15,-1,Other,74
2019-06-16,5,Schwyz,193
2019-06-16,10,Fribourg,69
2019-06-16,24,Neuchâtel,60
2019-06-16,25,Genève,110
2019-06-16,14,Schaffhausen,133
2019-06-16,20,Thurgau,115
2019-06-16,1,Zürich,1958
2019-06-16,6,Obwalden,42
2019-06-16,21,Ticino,62219
2019-06-16,9,Zug,295
2019-06-16,13,Basel-Landschaft,129
2019-06-16,2,Bern,428
2019-06-16,17,St. Gallen,514
2019-06-16,22,Vaud,159
2019-06-16,12,Basel-Stadt,389
2019-06-16,7,Nidwalden,66
2019-06-16,3,Luzern,507
2019-06-16,18,Graubünden,1173
2019-06-16,11,Solothurn,124
2019-06-16,23,Valais,187
2019-06-16,8,Glarus,23
2019-06-16,19,Aargau,371
2019-06-16,4,Uri,567
2019-06-16,-1,Other,58
2019-06-17,5,Schwyz,157
2019-06-17,10,Fribourg,21
2019-06-17,25,Genève,85
2019-06-17,14,Schaffhausen,31
2019-06-17,20,Thurgau,50
2019-06-17,1,Zürich,1111
2019-06-17,6,Obwalden,36
2019-06-17,21,Ticino,98129
2019-06-17,9,Zug,142
2019-06-17,13,Basel-Landschaft,85
2019-06-17,2,Bern,294
2019-06-17,17,St. Gallen,220
2019-06-17,22,Vaud,122
2019-06-17,12,Basel-Stadt,204
2019-06-17,7,Nidwalden,32
2019-06-17,3,Luzern,400
2019-06-17,18,Graubünden,1013
2019-06-17,11,Solothurn,83
2019-06-17,23,Valais,104
2019-06-17,19,Aargau,175
2019-06-17,4,Uri,335
2019-06-17,-1,Other,43
2019-06-18,5,Schwyz,111
2019-06-18,10,Fribourg,23
2019-06-18,24,Neuchâtel,24
2019-06-18,25,Genève,58
2019-06-18,14,Schaffhausen,30
2019-06-18,20,Thurgau,48
2019-06-18,1,Zürich,996
2019-06-18,6,Obwalden,47
2019-06-18,21,Ticino,99583
2019-06-18,9,Zug,198
2019-06-18,13,Basel-Landschaft,96
2019-06-18,2,Bern,184
2019-06-18,17,St. Gallen,209
2019-06-18,22,Vaud,72
2019-06-18,12,Basel-Stadt,129
2019-06-18,7,Nidwalden,29
2019-06-18,3,Luzern,405
2019-06-18,18,Graubünden,888
2019-06-18,11,Solothurn,65
2019-06-18,23,Valais,58
2019-06-18,19,Aargau,179
2019-06-18,4,Uri,282
2019-06-18,-1,Other,25
2019-06-19,5,Schwyz,146
2019-06-19,10,Fribourg,27
2019-06-19,25,Genève,59
2019-06-19,14,Schaffhausen,25
2019-06-19,20,Thurgau,53
2019-06-19,1,Zürich,905
2019-06-19,6,Obwalden,48
2019-06-19,21,Ticino,101685
2019-06-19,9,Zug,95
2019-06-19,13,Basel-Landschaft,77
2019-06-19,2,Bern,245
2019-06-19,17,St. Gallen,234
2019-06-19,22,Vaud,78
2019-06-19,12,Basel-Stadt,178
2019-06-19,7,Nidwalden,69
2019-06-19,3,Luzern,357
2019-06-19,18,Graubünden,962
2019-06-19,11,Solothurn,75
2019-06-19,23,Valais,67
2019-06-19,19,Aargau,148
2019-06-19,4,Uri,333
2019-06-19,-1,Other,36
2019-06-20,5,Schwyz,120
2019-06-20,10,Fribourg,36
2019-06-20,24,Neuchâtel,24
2019-06-20,25,Genève,58
2019-06-20,14,Schaffhausen,46
2019-06-20,20,Thurgau,35
2019-06-20,1,Zürich,772
2019-06-20,6,Obwalden,65
2019-06-20,21,Ticino,61456
2019-06-20,9,Zug,103
2019-06-20,13,Basel-Landschaft,84
2019-06-20,2,Bern,172
2019-06-20,17,St. Gallen,315
2019-06-20,22,Vaud,84
2019-06-20,12,Basel-Stadt,191
2019-06-20,7,Nidwalden,49
2019-06-20,3,Luzern,359
2019-06-20,18,Graubünden,943
2019-06-20,11,Solothurn,60
2019-06-20,23,Valais,98
2019-06-20,19,Aargau,158
2019-06-20,4,Uri,349
2019-06-20,-1,Other,38
2019-06-21,5,Schwyz,146
2019-06-21,10,Fribourg,21
2019-06-21,24,Neuchâtel,28
2019-06-21,25,Genève,77
2019-06-21,14,Schaffhausen,100
2019-06-21,20,Thurgau,73
2019-06-21,1,Zürich,964
2019-06-21,6,Obwalden,43
2019-06-21,21,Ticino,86463
2019-06-21,9,Zug,129
2019-06-21,13,Basel-Landschaft,87
2019-06-21,2,Bern,214
2019-06-21,17,St. Gallen,486
2019-06-21,22,Vaud,62
2019-06-21,12,Basel-Stadt,247
2019-06-21,7,Nidwalden,28
2019-06-21,3,Luzern,335
2019-06-21,18,Graubünden,1047
2019-06-21,11,Solothurn,68
2019-06-21,23,Valais,114
2019-06-21,8,Glarus,21
2019-06-21,19,Aargau,279
2019-06-21,4,Uri,273
2019-06-21,-1,Other,38
2019-06-22,5,Schwyz,114
2019-06-22,10,Fribourg,21
2019-06-22,25,Genève,26
2019-06-22,14,Schaffhausen,73
2019-06-22,20,Thurgau,79
2019-06-22,1,Zürich,1020
2019-06-22,6,Obwalden,35
2019-06-22,21,Ticino,66454
2019-06-22,9,Zug,152
2019-06-22,13,Basel-Landschaft,111
2019-06-22,2,Bern,122
2019-06-22,17,St. Gallen,507
2019-06-22,22,Vaud,67
2019-06-22,12,Basel-Stadt,297
2019-06-22,7,Nidwalden,44
2019-06-22,3,Luzern,301
2019-06-22,18,Graubünden,1085
2019-06-22,11,Solothurn,64
2019-06-22,23,Valais,108
2019-06-22,19,Aargau,146
2019-06-22,4,Uri,284
2019-06-22,-1,Other,52
2019-06-23,5,Schwyz,212
2019-06-23,10,Fribourg,77
2019-06-23,25,Genève,56
2019-06-23,14,Schaffhausen,98
2019-06-23,20,Thurgau,88
2019-06-23,1,Zürich,1348
2019-06-23,6,Obwalden,59
2019-06-23,21,Ticino,55150
2019-06-23,9,Zug,168
2019-06-23,13,Basel-Landschaft,126
2019-06-23,2,Bern,193
2019-06-23,17,St. Gallen,593
2019-06-23,22,Vaud,128
2019-06-23,12,Basel-Stadt,319
2019-06-23,7,Nidwalden,77
2019-06-23,3,Luzern,523
2019-06-23,18,Graubünden,1483
2019-06-23,11,Solothurn,92
2019-06-23,23,Valais,172
2019-06-23,19,Aargau,246
2019-06-23,4,Uri,581
2019-06-23,-1,Other,68
2019-06-24,5,Schwyz,114
2019-06-24,10,Fribourg,51
2019-06-24,24,Neuchâtel,22
2019-06-24,25,Genève,56
2019-06-24,14,Schaffhausen,36
2019-06-24,20,Thurgau,39
2019-06-24,1,Zürich,950
2019-06-24,6,Obwalden,63
2019-06-24,21,Ticino,89469
2019-06-24,9,Zug,247
2019-06-24,13,Basel-Landschaft,83
2019-06-24,2,Bern,215
2019-06-24,17,St. Gallen,211
2019-06-24,22,Vaud,96
2019-06-24,12,Basel-Stadt,192
2019-06-24,7,Nidwalden,30
2019-06-24,3,Luzern,408
2019-06-24,18,Graubünden,955
2019-06-24,11,Solothurn,85
2019-06-24,23,Valais,109
2019-06-24,19,Aargau,174
2019-06-24,4,Uri,269
2019-06-24,-1,Other,20
2019-06-25,5,Schwyz,161
2019-06-25,10,Fribourg,32
2019-06-25,25,Genève,34
2019-06-25,14,Schaffhausen,25
2019-06-25,20,Thurgau,55
2019-06-25,1,Zürich,981
2019-06-25,6,Obwalden,36
2019-06-25,21,Ticino,93360
2019-06-25,9,Zug,131
2019-06-25,13,Basel-Landschaft,84
2019-06-25,2,Bern,190
2019-06-25,17,St. Gallen,198
2019-06-25,22,Vaud,70
2019-06-25,12,Basel-Stadt,153
2019-06-25,7,Nidwalden,38
2019-06-25,3,Luzern,329
2019-06-25,18,Graubünden,937
2019-06-25,11,Solothurn,91
2019-06-25,23,Valais,76
2019-06-25,19,Aargau,146
2019-06-25,4,Uri,264
2019-06-25,-1,Other,32
2019-06-26,5,Schwyz,118
2019-06-26,10,Fribourg,38
2019-06-26,25,Genève,79
2019-06-26,20,Thurgau,23
2019-06-26,1,Zürich,808
2019-06-26,6,Obwalden,46
2019-06-26,21,Ticino,95262
2019-06-26,9,Zug,222
2019-06-26,13,Basel-Landschaft,103
2019-06-26,2,Bern,212
2019-06-26,17,St. Gallen,180
2019-06-26,22,Vaud,71
2019-06-26,12,Basel-Stadt,217
2019-06-26,7,Nidwalden,38
2019-06-26,3,Luzern,345
2019-06-26,18,Graubünden,1053
2019-06-26,11,Solothurn,100
2019-06-26,23,Valais,125
2019-06-26,19,Aargau,232
2019-06-26,4,Uri,300
2019-06-26,-1,Other,76
2019-06-27,5,Schwyz,193
2019-06-27,10,Fribourg,40
2019-06-27,25,Genève,63
2019-06-27,14,Schaffhausen,26
2019-06-27,20,Thurgau,41
2019-06-27,1,Zürich,958
2019-06-27,6,Obwalden,49
2019-06-27,21,Ticino,95267
2019-06-27,9,Zug,138
2019-06-27,13,Basel-Landschaft,122
2019-06-27,2,Bern,223
2019-06-27,17,St. Gallen,229
2019-06-27,22,Vaud,93
2019-06-27,12,Basel-Stadt,219
2019-06-27,7,Nidwalden,34
2019-06-27,3,Luzern,348
2019-06-27,18,Graubünden,1037
2019-06-27,11,Solothurn,88
2019-06-27,23,Valais,109
2019-06-27,19,Aargau,257
2019-06-27,4,Uri,355
2019-06-27,-1,Other,49
2019-06-28,5,Schwyz,148
2019-06-28,10,Fribourg,28
2019-06-28,24,Neuchâtel,34
2019-06-28,25,Genève,73
2019-06-28,14,Schaffhausen,46
2019-06-28,20,Thurgau,48
2019-06-28,1,Zürich,942
2019-06-28,6,Obwalden,36
2019-06-28,21,Ticino,95973
2019-06-28,9,Zug,124
2019-06-28,13,Basel-Landschaft,119
2019-06-28,2,Bern,280
2019-06-28,17,St. Gallen,294
2019-06-28,22,Vaud,102
2019-06-28,12,Basel-Stadt,211
2019-06-28,7,Nidwalden,37
2019-06-28,3,Luzern,352
2019-06-28,18,Graubünden,1602
2019-06-28,11,Solothurn,87
2019-06-28,23,Valais,160
2019-06-28,19,Aargau,220
2019-06-28,4,Uri,379
2019-06-28,-1,Other,36
2019-06-29,5,Schwyz,119
2019-06-29,10,Fribourg,26
2019-06-29,25,Genève,24
2019-06-29,14,Schaffhausen,23
2019-06-29,20,Thurgau,29
2019-06-29,1,Zürich,786
2019-06-29,6,Obwalden,73
2019-06-29,21,Ticino,63029
2019-06-29,9,Zug,102
2019-06-29,13,Basel-Landschaft,115
2019-06-29,2,Bern,218
2019-06-29,17,St. Gallen,280
2019-06-29,22,Vaud,61
2019-06-29,12,Basel-Stadt,236
2019-06-29,7,Nidwalden,35
2019-06-29,3,Luzern,320
2019-06-29,18,Graubünden,1466
2019-06-29,11,Solothurn,63
2019-06-29,23,Valais,106
2019-06-29,19,Aargau,141
2019-06-29,4,Uri,349
2019-06-29,-1,Other,60
2019-06-30,5,Schwyz,231
2019-06-30,10,Fribourg,61
2019-06-30,24,Neuchâtel,21
2019-06-30,25,Genève,73
2019-06-30,14,Schaffhausen,38
2019-06-30,20,Thurgau,83
2019-06-30,1,Zürich,1334
2019-06-30,6,Obwalden,60
2019-06-30,21,Ticino,52982
2019-06-30,9,Zug,178
2019-06-30,13,Basel-Landschaft,138
2019-06-30,2,Bern,305
2019-06-30,17,St. Gallen,424
2019-06-30,22,Vaud,116
2019-06-30,12,Basel-Stadt,265
2019-06-30,7,Nidwalden,48
2019-06-30,3,Luzern,589
2019-06-30,18,Graubünden,1441
2019-06-30,11,Solothurn,94
2019-06-30,23,Valais,289
2019-06-30,19,Aargau,309
2019-06-30,4,Uri,499
2019-06-30,-1,Other,59
2019-07-01,5,Schwyz,123
2019-07-01,10,Fribourg,44
2019-07-01,25,Genève,47
2019-07-01,14,Schaffhausen,29
2019-07-01,20,Thurgau,33
2019-07-01,1,Zürich,936
2019-07-01,6,Obwalden,29
2019-07-01,21,Ticino,86632
2019-07-01,9,Zug,117
2019-07-01,13,Basel-Landschaft,48
2019-07-01,2,Bern,211
2019-07-01,17,St. Gallen,188
2019-07-01,22,Vaud,70
2019-07-01,12,Basel-Stadt,155
2019-07-01,7,Nidwalden,53
2019-07-01,3,Luzern,376
2019-07-01,18,Graubünden,852
2019-07-01,11,Solothurn,45
2019-07-01,23,Valais,100
2019-07-01,19,Aargau,157
2019-07-01,4,Uri,276
2019-07-01,-1,Other,20
2019-07-02,5,Schwyz,119
2019-07-02,10,Fribourg,35
2019-07-02,25,Genève,68
2019-07-02,20,Thurgau,43
2019-07-02,1,Zürich,830
2019-07-02,6,Obwalden,43
2019-07-02,21,Ticino,92235
2019-07-02,9,Zug,129
2019-07-02,13,Basel-Landschaft,72
2019-07-02,2,Bern,203
2019-07-02,17,St. Gallen,166
2019-07-02,22,Vaud,57
2019-07-02,12,Basel-Stadt,115
2019-07-02,7,Nidwalden,36
2019-07-02,3,Luzern,300
2019-07-02,18,Graubünden,945
2019-07-02,11,Solothurn,67
2019-07-02,23,Valais,108
2019-07-02,19,Aargau,157
2019-07-02,4,Uri,275
2019-07-02,-1,Other,58
2019-07-03,5,Schwyz,108
2019-07-03,10,Fribourg,27
2019-07-03,25,Genève,65
2019-07-03,20,Thurgau,32
2019-07-03,1,Zürich,983
2019-07-03,6,Obwalden,35
2019-07-03,21,Ticino,93631
2019-07-03,9,Zug,99
2019-07-03,13,Basel-Landschaft,78
2019-07-03,2,Bern,152
2019-07-03,17,St. Gallen,190
2019-07-03,22,Vaud,73
2019-07-03,12,Basel-Stadt,165
2019-07-03,7,Nidwalden,34
2019-07-03,3,Luzern,329
2019-07-03,18,Graubünden,912
2019-07-03,11,Solothurn,75
2019-07-03,23,Valais,121
2019-07-03,19,Aargau,149
2019-07-03,4,Uri,311
2019-07-03,-1,Other,55
2019-07-04,5,Schwyz,139
2019-07-04,10,Fribourg,45
2019-07-04,25,Genève,47
2019-07-04,14,Schaffhausen,35
2019-07-04,20,Thurgau,38
2019-07-04,1,Zürich,835
2019-07-04,6,Obwalden,37
2019-07-04,21,Ticino,95749
2019-07-04,9,Zug,105
2019-07-04,13,Basel-Landschaft,82
2019-07-04,2,Bern,182
2019-07-04,17,St. Gallen,227
2019-07-04,22,Vaud,89
2019-07-04,12,Basel-Stadt,149
2019-07-04,7,Nidwalden,50
2019-07-04,3,Luzern,354
2019-07-04,18,Graubünden,945
2019-07-04,11,Solothurn,44
2019-07-04,23,Valais,98
2019-07-04,19,Aargau,205
2019-07-04,4,Uri,301
2019-07-04,-1,Other,53
2019-07-05,5,Schwyz,145
2019-07-05,10,Fribourg,51
2019-07-05,25,Genève,59
2019-07-05,14,Schaffhausen,29
2019-07-05,20,Thurgau,31
2019-07-05,1,Zürich,1056
2019-07-05,6,Obwalden,44
2019-07-05,21,Ticino,98301
2019-07-05,9,Zug,164
2019-07-05,13,Basel-Landschaft,108
2019-07-05,2,Bern,192
2019-07-05,17,St. Gallen,218
2019-07-05,22,Vaud,70
2019-07-05,12,Basel-Stadt,168
2019-07-05,7,Nidwalden,54
2019-07-05,3,Luzern,419
2019-07-05,18,Graubünden,1456
2019-07-05,11,Solothurn,69
2019-07-05,23,Valais,140
2019-07-05,19,Aargau,187
2019-07-05,4,Uri,337
2019-07-05,-1,Other,57
2019-07-06,5,Schwyz,82
2019-07-06,10,Fribourg,25
2019-07-06,25,Genève,31
2019-07-06,14,Schaffhausen,31
2019-07-06,20,Thurgau,35
2019-07-06,1,Zürich,752
2019-07-06,6,Obwalden,29
2019-07-06,21,Ticino,70243
2019-07-06,9,Zug,92
2019-07-06,13,Basel-Landschaft,90
2019-07-06,2,Bern,114
2019-07-06,17,St. Gallen,320
2019-07-06,22,Vaud,83
2019-07-06,12,Basel-Stadt,205
2019-07-06,7,Nidwalden,28
2019-07-06,3,Luzern,376
2019-07-06,18,Graubünden,1280
2019-07-06,11,Solothurn,56
2019-07-06,23,Valais,127
2019-07-06,19,Aargau,118
2019-07-06,4,Uri,338
2019-07-06,-1,Other,53
2019-07-07,5,Schwyz,216
2019-07-07,10,Fribourg,70
2019-07-07,25,Genève,73
2019-07-07,14,Schaffhausen,56
2019-07-07,20,Thurgau,69
2019-07-07,1,Zürich,1352
2019-07-07,6,Obwalden,62
2019-07-07,21,Ticino,55265
2019-07-07,9,Zug,203
2019-07-07,13,Basel-Landschaft,117
2019-07-07,2,Bern,303
2019-07-07,17,St. Gallen,450
2019-07-07,22,Vaud,116
2019-07-07,12,Basel-Stadt,312
2019-07-07,7,Nidwalden,67
2019-07-07,3,Luzern,536
2019-07-07,18,Graubünden,1310
2019-07-07,11,Solothurn,104
2019-07-07,26,Jura,24
2019-07-07,23,Valais,206
2019-07-07,19,Aargau,220
2019-07-07,4,Uri,397
2019-07-07,-1,Other,58
2019-07-08,5,Schwyz,261
2019-07-08,10,Fribourg,33
2019-07-08,25,Genève,51
2019-07-08,14,Schaffhausen,41
2019-07-08,20,Thurgau,35
2019-07-08,1,Zürich,870
2019-07-08,6,Obwalden,29
2019-07-08,21,Ticino,88118
2019-07-08,9,Zug,160
2019-07-08,13,Basel-Landschaft,86
2019-07-08,2,Bern,148
2019-07-08,17,St. Gallen,200
2019-07-08,22,Vaud,64
2019-07-08,12,Basel-Stadt,126
2019-07-08,7,Nidwalden,55
2019-07-08,3,Luzern,322
2019-07-08,18,Graubünden,985
2019-07-08,11,Solothurn,68
2019-07-08,23,Valais,116
2019-07-08,19,Aargau,193
2019-07-08,4,Uri,278
2019-07-08,-1,Other,71
2019-07-09,5,Schwyz,96
2019-07-09,10,Fribourg,22
2019-07-09,25,Genève,50
2019-07-09,20,Thurgau,39
2019-07-09,1,Zürich,880
2019-07-09,6,Obwalden,46
2019-07-09,21,Ticino,90730
2019-07-09,9,Zug,111
2019-07-09,13,Basel-Landschaft,59
2019-07-09,2,Bern,177
2019-07-09,17,St. Gallen,158
2019-07-09,22,Vaud,73
2019-07-09,12,Basel-Stadt,170
2019-07-09,3,Luzern,279
2019-07-09,18,Graubünden,812
2019-07-09,11,Solothurn,79
2019-07-09,23,Valais,116
2019-07-09,19,Aargau,145
2019-07-09,4,Uri,337
2019-07-09,-1,Other,70
2019-07-10,5,Schwyz,124
2019-07-10,10,Fribourg,29
2019-07-10,25,Genève,48
2019-07-10,14,Schaffhausen,21
2019-07-10,20,Thurgau,44
2019-07-10,1,Zürich,1004
2019-07-10,6,Obwalden,34
2019-07-10,21,Ticino,87385
2019-07-10,9,Zug,129
2019-07-10,13,Basel-Landschaft,97
2019-07-10,2,Bern,187
2019-07-10,17,St. Gallen,208
2019-07-10,22,Vaud,89
2019-07-10,12,Basel-Stadt,146
2019-07-10,7,Nidwalden,34
2019-07-10,3,Luzern,357
2019-07-10,18,Graubünden,974
2019-07-10,11,Solothurn,69
2019-07-10,23,Valais,99
2019-07-10,19,Aargau,177
2019-07-10,4,Uri,302
2019-07-10,-1,Other,46
2019-07-11,5,Schwyz,101
2019-07-11,10,Fribourg,31
2019-07-11,25,Genève,27
2019-07-11,14,Schaffhausen,37
2019-07-11,20,Thurgau,55
2019-07-11,1,Zürich,804
2019-07-11,6,Obwalden,38
2019-07-11,21,Ticino,83815
2019-07-11,9,Zug,97
2019-07-11,13,Basel-Landschaft,82
2019-07-11,2,Bern,219
2019-07-11,17,St. Gallen,249
2019-07-11,22,Vaud,83
2019-07-11,12,Basel-Stadt,184
2019-07-11,7,Nidwalden,36
2019-07-11,3,Luzern,280
2019-07-11,18,Graubünden,831
2019-07-11,11,Solothurn,54
2019-07-11,23,Valais,124
2019-07-11,19,Aargau,198
2019-07-11,4,Uri,255
2019-07-11,-1,Other,62
2019-07-12,5,Schwyz,134
2019-07-12,10,Fribourg,55
2019-07-12,25,Genève,46
2019-07-12,14,Schaffhausen,26
2019-07-12,20,Thurgau,55
2019-07-12,1,Zürich,863
2019-07-12,6,Obwalden,46
2019-07-12,21,Ticino,81674
2019-07-12,9,Zug,119
2019-07-12,13,Basel-Landschaft,106
2019-07-12,2,Bern,239
2019-07-12,17,St. Gallen,346
2019-07-12,22,Vaud,79
2019-07-12,12,Basel-Stadt,205
2019-07-12,7,Nidwalden,57
2019-07-12,3,Luzern,397
2019-07-12,18,Graubünden,1117
2019-07-12,11,Solothurn,95
2019-07-12,23,Valais,174
2019-07-12,19,Aargau,234
2019-07-12,4,Uri,312
2019-07-12,-1,Other,59
2019-07-13,5,Schwyz,179
2019-07-13,10,Fribourg,29
2019-07-13,25,Genève,24
2019-07-13,14,Schaffhausen,33
2019-07-13,20,Thurgau,37
2019-07-13,1,Zürich,908
2019-07-13,6,Obwalden,33
2019-07-13,21,Ticino,61595
2019-07-13,9,Zug,126
2019-07-13,13,Basel-Landschaft,170
2019-07-13,2,Bern,181
2019-07-13,17,St. Gallen,399
2019-07-13,22,Vaud,69
2019-07-13,12,Basel-Stadt,351
2019-07-13,7,Nidwalden,57
2019-07-13,3,Luzern,379
2019-07-13,18,Graubünden,1206
2019-07-13,11,Solothurn,84
2019-07-13,23,Valais,138
2019-07-13,19,Aargau,182
2019-07-13,4,Uri,344
2019-07-13,-1,Other,49
2019-07-14,5,Schwyz,216
2019-07-14,10,Fribourg,51
2019-07-14,25,Genève,30
2019-07-14,14,Schaffhausen,64
2019-07-14,20,Thurgau,122
2019-07-14,1,Zürich,1489
2019-07-14,6,Obwalden,54
2019-07-14,21,Ticino,48862
2019-07-14,9,Zug,235
2019-07-14,13,Basel-Landschaft,174
2019-07-14,2,Bern,259
2019-07-14,17,St. Gallen,567
2019-07-14,22,Vaud,142
2019-07-14,12,Basel-Stadt,278
2019-07-14,7,Nidwalden,49
2019-07-14,3,Luzern,437
2019-07-14,18,Graubünden,1176
2019-07-14,11,Solothurn,106
2019-07-14,26,Jura,26
2019-07-14,23,Valais,201
2019-07-14,8,Glarus,28
2019-07-14,19,Aargau,273
2019-07-14,4,Uri,427
2019-07-14,-1,Other,51
