Date,District From Id,District From Name,Count
2019-05-27,1850,Surselva,22
2019-05-27,2104,Locarno,4714
2019-05-27,24,Neuchâtel,23
2019-05-27,1724,Werdenberg,109
2019-05-27,25,Genève,39
2019-05-27,110,Winterthur,33
2019-05-27,1847,Moesa,654
2019-05-27,2105,Lugano,52294
2019-05-27,106,Horgen,67
2019-05-27,2103,Leventina,783
2019-05-27,312,Luzern-Land,55
2019-05-27,2011,Arbon,21
2019-05-27,6,Obwalden,28
2019-05-27,1723,Rheintal,32
2019-05-27,1851,Viamala,47
2019-05-27,9,Zug,97
2019-05-27,109,Uster,49
2019-05-27,1842,Bernina,83
2019-05-27,2108,Vallemaggia,137
2019-05-27,311,Luzern-Stadt,187
2019-05-27,1846,Maloja,91
2019-05-27,1301,Arlesheim,26
2019-05-27,2225,Lausanne,38
2019-05-27,1403,Schaffhausen,22
2019-05-27,12,Basel-Stadt,179
2019-05-27,313,Hochdorf,50
2019-05-27,7,Nidwalden,30
2019-05-27,103,Bülach,114
2019-05-27,1841,Albula,23
2019-05-27,2101,Bellinzona,9382
2019-05-27,2107,Riviera,798
2019-05-27,112,Zürich,538
2019-05-27,1845,Landquart,26
2019-05-27,314,Sursee,48
2019-05-27,250,Interlaken-Oberhasli,51
2019-05-27,1108,Olten,35
2019-05-27,1721,St. Gallen,31
2019-05-27,246,Bern-Mittelland,126
2019-05-27,2102,Blenio,261
2019-05-27,315,Willisau,23
2019-05-27,1725,Sarganserland,29
2019-05-27,1303,Liestal,23
2019-05-27,107,Meilen,34
2019-05-27,4,Uri,163
2019-05-27,506,Schwyz,72
2019-05-27,1004,La Sarine,21
2019-05-27,1902,Baden,50
2019-05-27,501,Einsiedeln,31
2019-05-27,111,Dietikon,26
2019-05-27,1848,Plessur,42
2019-05-27,2106,Mendrisio,26843
2019-05-27,-1,Other,723
2019-05-28,101,Affoltern,33
2019-05-28,1850,Surselva,26
2019-05-28,2104,Locarno,4855
2019-05-28,24,Neuchâtel,26
2019-05-28,1724,Werdenberg,86
2019-05-28,1904,Brugg,23
2019-05-28,25,Genève,84
2019-05-28,110,Winterthur,23
2019-05-28,2301,Brig,28
2019-05-28,1847,Moesa,657
2019-05-28,2105,Lugano,54827
2019-05-28,106,Horgen,50
2019-05-28,2103,Leventina,713
2019-05-28,312,Luzern-Land,44
2019-05-28,1723,Rheintal,48
2019-05-28,2313,Visp,31
2019-05-28,1851,Viamala,73
2019-05-28,9,Zug,86
2019-05-28,109,Uster,39
2019-05-28,1842,Bernina,66
2019-05-28,2108,Vallemaggia,134
2019-05-28,503,Höfe,33
2019-05-28,244,Oberaargau,21
2019-05-28,311,Luzern-Stadt,135
2019-05-28,1846,Maloja,65
2019-05-28,1301,Arlesheim,40
2019-05-28,1403,Schaffhausen,30
2019-05-28,12,Basel-Stadt,183
2019-05-28,313,Hochdorf,31
2019-05-28,7,Nidwalden,27
2019-05-28,103,Bülach,162
2019-05-28,2101,Bellinzona,10102
2019-05-28,1726,See-Gaster,23
2019-05-28,2107,Riviera,806
2019-05-28,112,Zürich,611
2019-05-28,314,Sursee,35
2019-05-28,250,Interlaken-Oberhasli,29
2019-05-28,104,Dielsdorf,22
2019-05-28,1108,Olten,40
2019-05-28,1721,St. Gallen,40
2019-05-28,246,Bern-Mittelland,110
2019-05-28,2102,Blenio,283
2019-05-28,1725,Sarganserland,47
2019-05-28,1303,Liestal,47
2019-05-28,107,Meilen,55
2019-05-28,4,Uri,543
2019-05-28,506,Schwyz,56
2019-05-28,1004,La Sarine,21
2019-05-28,1902,Baden,46
2019-05-28,111,Dietikon,41
2019-05-28,1848,Plessur,46
2019-05-28,2106,Mendrisio,27095
2019-05-28,-1,Other,637
2019-05-29,101,Affoltern,45
2019-05-29,1850,Surselva,30
2019-05-29,2104,Locarno,4904
2019-05-29,2014,Münchwilen,27
2019-05-29,1728,Wil,41
2019-05-29,24,Neuchâtel,53
2019-05-29,1724,Werdenberg,243
2019-05-29,25,Genève,119
2019-05-29,110,Winterthur,104
2019-05-29,1907,Lenzburg,29
2019-05-29,2301,Brig,47
2019-05-29,1847,Moesa,752
2019-05-29,2105,Lugano,61331
2019-05-29,106,Horgen,129
2019-05-29,2103,Leventina,856
2019-05-29,312,Luzern-Land,75
2019-05-29,2011,Arbon,31
2019-05-29,6,Obwalden,38
2019-05-29,1723,Rheintal,140
2019-05-29,2313,Visp,28
2019-05-29,1910,Zofingen,56
2019-05-29,1851,Viamala,145
2019-05-29,9,Zug,260
2019-05-29,109,Uster,79
2019-05-29,1842,Bernina,52
2019-05-29,2108,Vallemaggia,172
2019-05-29,503,Höfe,48
2019-05-29,105,Hinwil,32
2019-05-29,311,Luzern-Stadt,245
2019-05-29,1846,Maloja,40
2019-05-29,1727,Toggenburg,27
2019-05-29,1301,Arlesheim,75
2019-05-29,2225,Lausanne,81
2019-05-29,1403,Schaffhausen,43
2019-05-29,12,Basel-Stadt,334
2019-05-29,313,Hochdorf,30
2019-05-29,7,Nidwalden,41
2019-05-29,1722,Rorschach,28
2019-05-29,103,Bülach,175
2019-05-29,1909,Rheinfelden,23
2019-05-29,108,Pfäffikon,34
2019-05-29,2101,Bellinzona,10629
2019-05-29,1726,See-Gaster,59
2019-05-29,505,March,40
2019-05-29,2107,Riviera,877
2019-05-29,112,Zürich,1426
2019-05-29,1845,Landquart,86
2019-05-29,2012,Frauenfeld,24
2019-05-29,1901,Aarau,37
2019-05-29,314,Sursee,42
2019-05-29,2013,Kreuzlingen,41
2019-05-29,1844,Imboden,22
2019-05-29,104,Dielsdorf,46
2019-05-29,1108,Olten,55
2019-05-29,1721,St. Gallen,98
2019-05-29,1903,Bremgarten,58
2019-05-29,8,Glarus,43
2019-05-29,246,Bern-Mittelland,273
2019-05-29,2230,Riviera-Pays-d'Enhaut,23
2019-05-29,1908,Muri,27
2019-05-29,2102,Blenio,286
2019-05-29,315,Willisau,34
2019-05-29,1725,Sarganserland,70
2019-05-29,1303,Liestal,39
2019-05-29,107,Meilen,97
2019-05-29,242,Biel/Bienne,41
2019-05-29,4,Uri,1101
2019-05-29,506,Schwyz,123
2019-05-29,1004,La Sarine,37
2019-05-29,1902,Baden,92
2019-05-29,111,Dietikon,53
2019-05-29,1848,Plessur,61
2019-05-29,2106,Mendrisio,27753
2019-05-29,-1,Other,574
2019-05-30,101,Affoltern,39
2019-05-30,1850,Surselva,90
2019-05-30,2104,Locarno,3208
2019-05-30,1728,Wil,38
2019-05-30,24,Neuchâtel,57
2019-05-30,1724,Werdenberg,282
2019-05-30,25,Genève,83
2019-05-30,110,Winterthur,88
2019-05-30,1907,Lenzburg,34
2019-05-30,2301,Brig,100
2019-05-30,1847,Moesa,649
2019-05-30,2105,Lugano,36720
2019-05-30,106,Horgen,81
2019-05-30,2103,Leventina,1204
2019-05-30,312,Luzern-Land,69
2019-05-30,2011,Arbon,21
2019-05-30,1723,Rheintal,101
2019-05-30,2313,Visp,26
2019-05-30,2228,Nyon,21
2019-05-30,1910,Zofingen,21
2019-05-30,1402,Reiat,47
2019-05-30,1851,Viamala,204
2019-05-30,9,Zug,206
2019-05-30,109,Uster,83
2019-05-30,1842,Bernina,61
2019-05-30,2108,Vallemaggia,202
2019-05-30,503,Höfe,28
2019-05-30,105,Hinwil,42
2019-05-30,311,Luzern-Stadt,271
2019-05-30,1846,Maloja,69
2019-05-30,2221,Aigle,23
2019-05-30,1727,Toggenburg,22
2019-05-30,1301,Arlesheim,88
2019-05-30,2225,Lausanne,74
2019-05-30,1403,Schaffhausen,68
2019-05-30,12,Basel-Stadt,510
2019-05-30,313,Hochdorf,30
2019-05-30,7,Nidwalden,42
2019-05-30,1722,Rorschach,21
2019-05-30,103,Bülach,161
2019-05-30,108,Pfäffikon,34
2019-05-30,2101,Bellinzona,3747
2019-05-30,1726,See-Gaster,24
2019-05-30,505,March,28
2019-05-30,2107,Riviera,429
2019-05-30,112,Zürich,1246
2019-05-30,1845,Landquart,54
2019-05-30,2012,Frauenfeld,42
2019-05-30,1901,Aarau,29
2019-05-30,1849,Prättigau/Davos,22
2019-05-30,314,Sursee,58
2019-05-30,2013,Kreuzlingen,30
2019-05-30,250,Interlaken-Oberhasli,42
2019-05-30,1844,Imboden,83
2019-05-30,104,Dielsdorf,46
2019-05-30,1108,Olten,60
2019-05-30,1721,St. Gallen,72
2019-05-30,1903,Bremgarten,41
2019-05-30,246,Bern-Mittelland,149
2019-05-30,2102,Blenio,305
2019-05-30,315,Willisau,24
2019-05-30,1725,Sarganserland,89
2019-05-30,1303,Liestal,56
2019-05-30,107,Meilen,75
2019-05-30,242,Biel/Bienne,47
2019-05-30,4,Uri,1119
2019-05-30,506,Schwyz,182
2019-05-30,1004,La Sarine,48
2019-05-30,1902,Baden,56
2019-05-30,111,Dietikon,54
2019-05-30,1848,Plessur,76
2019-05-30,2106,Mendrisio,16488
2019-05-30,-1,Other,676
2019-05-31,101,Affoltern,30
2019-05-31,1850,Surselva,66
2019-05-31,2104,Locarno,4956
2019-05-31,247,Thun,23
2019-05-31,24,Neuchâtel,55
2019-05-31,1724,Werdenberg,110
2019-05-31,1904,Brugg,24
2019-05-31,25,Genève,65
2019-05-31,110,Winterthur,59
2019-05-31,2301,Brig,43
2019-05-31,1847,Moesa,607
2019-05-31,2105,Lugano,55990
2019-05-31,106,Horgen,94
2019-05-31,2103,Leventina,794
2019-05-31,312,Luzern-Land,96
2019-05-31,1723,Rheintal,59
2019-05-31,1910,Zofingen,22
2019-05-31,1402,Reiat,23
2019-05-31,1851,Viamala,99
2019-05-31,9,Zug,108
2019-05-31,109,Uster,41
2019-05-31,1842,Bernina,97
2019-05-31,2108,Vallemaggia,160
2019-05-31,105,Hinwil,21
2019-05-31,311,Luzern-Stadt,256
2019-05-31,1846,Maloja,96
2019-05-31,1301,Arlesheim,46
2019-05-31,2225,Lausanne,53
2019-05-31,1403,Schaffhausen,25
2019-05-31,12,Basel-Stadt,223
2019-05-31,313,Hochdorf,44
2019-05-31,7,Nidwalden,49
2019-05-31,245,Emmental,28
2019-05-31,103,Bülach,141
2019-05-31,1841,Albula,25
2019-05-31,2101,Bellinzona,7758
2019-05-31,1726,See-Gaster,34
2019-05-31,241,Jura bernois,23
2019-05-31,2107,Riviera,649
2019-05-31,112,Zürich,796
2019-05-31,1845,Landquart,44
2019-05-31,1901,Aarau,22
2019-05-31,314,Sursee,67
2019-05-31,250,Interlaken-Oberhasli,41
2019-05-31,1844,Imboden,32
2019-05-31,104,Dielsdorf,40
2019-05-31,1108,Olten,48
2019-05-31,1721,St. Gallen,48
2019-05-31,1903,Bremgarten,22
2019-05-31,246,Bern-Mittelland,109
2019-05-31,2102,Blenio,326
2019-05-31,315,Willisau,21
2019-05-31,1725,Sarganserland,35
2019-05-31,1303,Liestal,42
2019-05-31,107,Meilen,55
2019-05-31,242,Biel/Bienne,26
2019-05-31,4,Uri,255
2019-05-31,506,Schwyz,124
2019-05-31,1004,La Sarine,25
2019-05-31,1902,Baden,47
2019-05-31,111,Dietikon,49
2019-05-31,1848,Plessur,34
2019-05-31,2106,Mendrisio,23665
2019-05-31,-1,Other,677
2019-06-01,101,Affoltern,28
2019-06-01,1850,Surselva,59
2019-06-01,2104,Locarno,3941
2019-06-01,1724,Werdenberg,103
2019-06-01,25,Genève,46
2019-06-01,504,Küssnacht (SZ),21
2019-06-01,1907,Lenzburg,22
2019-06-01,2301,Brig,27
2019-06-01,1847,Moesa,526
2019-06-01,2105,Lugano,47449
2019-06-01,106,Horgen,61
2019-06-01,2103,Leventina,903
2019-06-01,312,Luzern-Land,89
2019-06-01,6,Obwalden,29
2019-06-01,1723,Rheintal,49
2019-06-01,2313,Visp,27
2019-06-01,1910,Zofingen,33
2019-06-01,1851,Viamala,79
2019-06-01,9,Zug,83
2019-06-01,109,Uster,41
2019-06-01,1842,Bernina,104
2019-06-01,2108,Vallemaggia,160
2019-06-01,105,Hinwil,26
2019-06-01,311,Luzern-Stadt,192
2019-06-01,1846,Maloja,171
2019-06-01,1301,Arlesheim,59
2019-06-01,2225,Lausanne,32
2019-06-01,1403,Schaffhausen,21
2019-06-01,12,Basel-Stadt,241
2019-06-01,313,Hochdorf,38
2019-06-01,7,Nidwalden,35
2019-06-01,103,Bülach,119
2019-06-01,108,Pfäffikon,21
2019-06-01,1841,Albula,36
2019-06-01,2101,Bellinzona,5530
2019-06-01,2107,Riviera,547
2019-06-01,112,Zürich,629
2019-06-01,1845,Landquart,23
2019-06-01,1901,Aarau,71
2019-06-01,314,Sursee,46
2019-06-01,250,Interlaken-Oberhasli,50
2019-06-01,1844,Imboden,31
2019-06-01,104,Dielsdorf,35
2019-06-01,1108,Olten,49
2019-06-01,1721,St. Gallen,27
2019-06-01,246,Bern-Mittelland,78
2019-06-01,2102,Blenio,311
2019-06-01,1725,Sarganserland,39
2019-06-01,1303,Liestal,23
2019-06-01,107,Meilen,30
2019-06-01,4,Uri,375
2019-06-01,506,Schwyz,86
2019-06-01,1902,Baden,48
2019-06-01,111,Dietikon,40
2019-06-01,1848,Plessur,46
2019-06-01,2106,Mendrisio,18807
2019-06-01,-1,Other,696
2019-06-02,1850,Surselva,38
2019-06-02,2104,Locarno,2899
2019-06-02,1724,Werdenberg,114
2019-06-02,25,Genève,77
2019-06-02,110,Winterthur,37
2019-06-02,2301,Brig,43
2019-06-02,1847,Moesa,551
2019-06-02,2105,Lugano,35796
2019-06-02,106,Horgen,52
2019-06-02,2103,Leventina,1018
2019-06-02,312,Luzern-Land,59
2019-06-02,6,Obwalden,77
2019-06-02,1723,Rheintal,64
2019-06-02,2015,Weinfelden,25
2019-06-02,1910,Zofingen,21
2019-06-02,1851,Viamala,113
2019-06-02,9,Zug,68
2019-06-02,1842,Bernina,143
2019-06-02,2108,Vallemaggia,232
2019-06-02,2304,Goms,21
2019-06-02,311,Luzern-Stadt,176
2019-06-02,1846,Maloja,173
2019-06-02,1301,Arlesheim,59
2019-06-02,2225,Lausanne,38
2019-06-02,1403,Schaffhausen,46
2019-06-02,12,Basel-Stadt,238
2019-06-02,313,Hochdorf,46
2019-06-02,7,Nidwalden,27
2019-06-02,103,Bülach,99
2019-06-02,1841,Albula,44
2019-06-02,2101,Bellinzona,3495
2019-06-02,1726,See-Gaster,34
2019-06-02,2107,Riviera,286
2019-06-02,112,Zürich,520
2019-06-02,1845,Landquart,54
2019-06-02,1901,Aarau,29
2019-06-02,1849,Prättigau/Davos,29
2019-06-02,314,Sursee,66
2019-06-02,2013,Kreuzlingen,25
2019-06-02,250,Interlaken-Oberhasli,44
2019-06-02,1844,Imboden,24
2019-06-02,2226,Lavaux-Oron,31
2019-06-02,1108,Olten,29
2019-06-02,246,Bern-Mittelland,101
2019-06-02,2102,Blenio,526
2019-06-02,1725,Sarganserland,25
2019-06-02,1303,Liestal,28
2019-06-02,107,Meilen,27
2019-06-02,4,Uri,248
2019-06-02,506,Schwyz,95
2019-06-02,1848,Plessur,28
2019-06-02,2106,Mendrisio,18649
2019-06-02,-1,Other,757
2019-06-03,1850,Surselva,43
2019-06-03,2104,Locarno,4712
2019-06-03,24,Neuchâtel,23
2019-06-03,1724,Werdenberg,79
2019-06-03,25,Genève,116
2019-06-03,110,Winterthur,24
2019-06-03,1847,Moesa,576
2019-06-03,2105,Lugano,55003
2019-06-03,106,Horgen,54
2019-06-03,2103,Leventina,753
2019-06-03,312,Luzern-Land,43
2019-06-03,6,Obwalden,21
2019-06-03,1723,Rheintal,32
2019-06-03,1851,Viamala,60
2019-06-03,9,Zug,60
2019-06-03,109,Uster,26
2019-06-03,1842,Bernina,85
2019-06-03,2108,Vallemaggia,143
2019-06-03,311,Luzern-Stadt,123
2019-06-03,1846,Maloja,73
2019-06-03,1301,Arlesheim,28
2019-06-03,2225,Lausanne,23
2019-06-03,12,Basel-Stadt,188
2019-06-03,7,Nidwalden,42
2019-06-03,245,Emmental,41
2019-06-03,103,Bülach,150
2019-06-03,2101,Bellinzona,9118
2019-06-03,2107,Riviera,773
2019-06-03,112,Zürich,484
2019-06-03,1845,Landquart,23
2019-06-03,1901,Aarau,21
2019-06-03,314,Sursee,41
2019-06-03,250,Interlaken-Oberhasli,47
2019-06-03,1108,Olten,24
2019-06-03,1721,St. Gallen,21
2019-06-03,246,Bern-Mittelland,92
2019-06-03,2102,Blenio,332
2019-06-03,315,Willisau,35
2019-06-03,1303,Liestal,24
2019-06-03,107,Meilen,37
2019-06-03,4,Uri,272
2019-06-03,506,Schwyz,70
2019-06-03,1004,La Sarine,24
2019-06-03,1902,Baden,37
2019-06-03,111,Dietikon,35
2019-06-03,2106,Mendrisio,26859
2019-06-03,-1,Other,748
2019-06-04,101,Affoltern,23
2019-06-04,1850,Surselva,36
2019-06-04,2104,Locarno,4752
2019-06-04,24,Neuchâtel,29
2019-06-04,1724,Werdenberg,66
2019-06-04,25,Genève,63
2019-06-04,110,Winterthur,33
2019-06-04,1907,Lenzburg,26
2019-06-04,1847,Moesa,610
2019-06-04,2105,Lugano,57668
2019-06-04,106,Horgen,41
2019-06-04,2103,Leventina,719
2019-06-04,312,Luzern-Land,57
2019-06-04,6,Obwalden,23
2019-06-04,1723,Rheintal,35
2019-06-04,1910,Zofingen,21
2019-06-04,1106,Wasseramt,21
2019-06-04,1851,Viamala,67
2019-06-04,9,Zug,99
2019-06-04,1842,Bernina,60
2019-06-04,2108,Vallemaggia,145
2019-06-04,311,Luzern-Stadt,179
2019-06-04,1846,Maloja,63
2019-06-04,1301,Arlesheim,46
2019-06-04,2225,Lausanne,27
2019-06-04,12,Basel-Stadt,158
2019-06-04,313,Hochdorf,30
2019-06-04,7,Nidwalden,31
2019-06-04,103,Bülach,130
2019-06-04,2101,Bellinzona,9670
2019-06-04,1726,See-Gaster,23
2019-06-04,2107,Riviera,877
2019-06-04,112,Zürich,552
2019-06-04,1845,Landquart,21
2019-06-04,314,Sursee,66
2019-06-04,250,Interlaken-Oberhasli,42
2019-06-04,1721,St. Gallen,34
2019-06-04,1903,Bremgarten,52
2019-06-04,246,Bern-Mittelland,117
2019-06-04,2102,Blenio,304
2019-06-04,315,Willisau,26
2019-06-04,1725,Sarganserland,41
2019-06-04,1303,Liestal,29
2019-06-04,107,Meilen,37
2019-06-04,4,Uri,178
2019-06-04,506,Schwyz,78
2019-06-04,1902,Baden,36
2019-06-04,111,Dietikon,22
2019-06-04,1848,Plessur,27
2019-06-04,2106,Mendrisio,26754
2019-06-04,-1,Other,650
2019-06-05,1850,Surselva,23
2019-06-05,2104,Locarno,4660
2019-06-05,24,Neuchâtel,23
2019-06-05,1724,Werdenberg,84
2019-06-05,25,Genève,65
2019-06-05,110,Winterthur,66
2019-06-05,1847,Moesa,602
2019-06-05,2105,Lugano,56456
2019-06-05,1911,Zurzach,42
2019-06-05,106,Horgen,54
2019-06-05,2103,Leventina,786
2019-06-05,312,Luzern-Land,69
2019-06-05,1723,Rheintal,32
2019-06-05,1851,Viamala,56
2019-06-05,9,Zug,86
2019-06-05,109,Uster,30
2019-06-05,1842,Bernina,49
2019-06-05,2108,Vallemaggia,160
2019-06-05,503,Höfe,29
2019-06-05,105,Hinwil,22
2019-06-05,311,Luzern-Stadt,154
2019-06-05,1846,Maloja,48
2019-06-05,1301,Arlesheim,27
2019-06-05,2225,Lausanne,26
2019-06-05,12,Basel-Stadt,158
2019-06-05,313,Hochdorf,30
2019-06-05,7,Nidwalden,42
2019-06-05,103,Bülach,146
2019-06-05,2101,Bellinzona,9757
2019-06-05,1726,See-Gaster,21
2019-06-05,2107,Riviera,864
2019-06-05,112,Zürich,627
2019-06-05,1845,Landquart,21
2019-06-05,314,Sursee,49
2019-06-05,250,Interlaken-Oberhasli,36
2019-06-05,104,Dielsdorf,36
2019-06-05,1108,Olten,34
2019-06-05,1721,St. Gallen,28
2019-06-05,1903,Bremgarten,34
2019-06-05,246,Bern-Mittelland,111
2019-06-05,2102,Blenio,271
2019-06-05,315,Willisau,25
2019-06-05,1303,Liestal,21
2019-06-05,107,Meilen,38
2019-06-05,242,Biel/Bienne,27
2019-06-05,4,Uri,286
2019-06-05,506,Schwyz,136
2019-06-05,1004,La Sarine,32
2019-06-05,1902,Baden,29
2019-06-05,111,Dietikon,37
2019-06-05,1848,Plessur,32
2019-06-05,2106,Mendrisio,26897
2019-06-05,-1,Other,629
2019-06-06,101,Affoltern,25
2019-06-06,2309,Raron,21
2019-06-06,2104,Locarno,4895
2019-06-06,24,Neuchâtel,34
2019-06-06,1724,Werdenberg,136
2019-06-06,25,Genève,92
2019-06-06,110,Winterthur,51
2019-06-06,2301,Brig,37
2019-06-06,1847,Moesa,672
2019-06-06,2105,Lugano,54421
2019-06-06,106,Horgen,75
2019-06-06,2103,Leventina,730
2019-06-06,312,Luzern-Land,74
2019-06-06,6,Obwalden,35
2019-06-06,1723,Rheintal,61
2019-06-06,2313,Visp,29
2019-06-06,1910,Zofingen,30
2019-06-06,1851,Viamala,62
2019-06-06,9,Zug,119
2019-06-06,109,Uster,39
2019-06-06,1842,Bernina,89
2019-06-06,2108,Vallemaggia,137
2019-06-06,503,Höfe,44
2019-06-06,105,Hinwil,29
2019-06-06,311,Luzern-Stadt,169
2019-06-06,1846,Maloja,77
2019-06-06,1301,Arlesheim,44
2019-06-06,2225,Lausanne,53
2019-06-06,1403,Schaffhausen,27
2019-06-06,12,Basel-Stadt,245
2019-06-06,313,Hochdorf,54
2019-06-06,7,Nidwalden,48
2019-06-06,103,Bülach,157
2019-06-06,2101,Bellinzona,10072
2019-06-06,1726,See-Gaster,29
2019-06-06,1304,Sissach,26
2019-06-06,2107,Riviera,851
2019-06-06,112,Zürich,754
2019-06-06,1845,Landquart,47
2019-06-06,1901,Aarau,23
2019-06-06,314,Sursee,50
2019-06-06,250,Interlaken-Oberhasli,39
2019-06-06,104,Dielsdorf,33
2019-06-06,1108,Olten,31
2019-06-06,1721,St. Gallen,28
2019-06-06,1903,Bremgarten,31
2019-06-06,1101,Gäu,27
2019-06-06,246,Bern-Mittelland,190
2019-06-06,2102,Blenio,330
2019-06-06,315,Willisau,33
2019-06-06,1725,Sarganserland,34
2019-06-06,1303,Liestal,46
2019-06-06,107,Meilen,44
2019-06-06,242,Biel/Bienne,24
2019-06-06,4,Uri,231
2019-06-06,506,Schwyz,77
2019-06-06,1004,La Sarine,41
2019-06-06,1902,Baden,27
2019-06-06,111,Dietikon,52
2019-06-06,1848,Plessur,41
2019-06-06,2106,Mendrisio,26324
2019-06-06,-1,Other,585
2019-06-07,101,Affoltern,36
2019-06-07,1850,Surselva,33
2019-06-07,2104,Locarno,4501
2019-06-07,24,Neuchâtel,37
2019-06-07,1724,Werdenberg,285
2019-06-07,25,Genève,138
2019-06-07,110,Winterthur,53
2019-06-07,2301,Brig,68
2019-06-07,1847,Moesa,609
2019-06-07,2105,Lugano,55537
2019-06-07,106,Horgen,86
2019-06-07,2103,Leventina,856
2019-06-07,312,Luzern-Land,89
2019-06-07,2011,Arbon,30
2019-06-07,6,Obwalden,27
2019-06-07,1723,Rheintal,105
2019-06-07,2313,Visp,35
2019-06-07,1910,Zofingen,33
2019-06-07,1402,Reiat,46
2019-06-07,1851,Viamala,92
2019-06-07,9,Zug,155
2019-06-07,109,Uster,67
2019-06-07,1842,Bernina,63
2019-06-07,2108,Vallemaggia,152
2019-06-07,503,Höfe,24
2019-06-07,105,Hinwil,25
2019-06-07,244,Oberaargau,22
2019-06-07,311,Luzern-Stadt,236
2019-06-07,1846,Maloja,110
2019-06-07,1301,Arlesheim,92
2019-06-07,2225,Lausanne,79
2019-06-07,1403,Schaffhausen,65
2019-06-07,12,Basel-Stadt,406
2019-06-07,313,Hochdorf,55
2019-06-07,7,Nidwalden,62
2019-06-07,103,Bülach,183
2019-06-07,108,Pfäffikon,34
2019-06-07,1841,Albula,21
2019-06-07,2101,Bellinzona,9702
2019-06-07,1726,See-Gaster,36
2019-06-07,1304,Sissach,22
2019-06-07,2107,Riviera,765
2019-06-07,112,Zürich,1104
2019-06-07,1845,Landquart,53
2019-06-07,1901,Aarau,32
2019-06-07,314,Sursee,74
2019-06-07,2013,Kreuzlingen,47
2019-06-07,250,Interlaken-Oberhasli,32
2019-06-07,1844,Imboden,34
2019-06-07,104,Dielsdorf,31
2019-06-07,1108,Olten,37
2019-06-07,1721,St. Gallen,76
2019-06-07,1903,Bremgarten,46
2019-06-07,246,Bern-Mittelland,177
2019-06-07,2102,Blenio,314
2019-06-07,1725,Sarganserland,73
2019-06-07,1303,Liestal,52
2019-06-07,107,Meilen,57
2019-06-07,242,Biel/Bienne,46
2019-06-07,4,Uri,419
2019-06-07,506,Schwyz,173
2019-06-07,1004,La Sarine,59
2019-06-07,1902,Baden,65
2019-06-07,111,Dietikon,56
2019-06-07,1848,Plessur,48
2019-06-07,2106,Mendrisio,24954
2019-06-07,-1,Other,653
2019-06-08,1850,Surselva,54
2019-06-08,2104,Locarno,3406
2019-06-08,1728,Wil,23
2019-06-08,1724,Werdenberg,297
2019-06-08,25,Genève,114
2019-06-08,110,Winterthur,73
2019-06-08,2301,Brig,49
2019-06-08,1847,Moesa,635
2019-06-08,2105,Lugano,44181
2019-06-08,106,Horgen,81
2019-06-08,2103,Leventina,855
2019-06-08,312,Luzern-Land,54
2019-06-08,2011,Arbon,28
2019-06-08,6,Obwalden,32
2019-06-08,1723,Rheintal,104
2019-06-08,2313,Visp,24
2019-06-08,1910,Zofingen,32
2019-06-08,1402,Reiat,58
2019-06-08,1851,Viamala,249
2019-06-08,9,Zug,161
2019-06-08,109,Uster,38
2019-06-08,1842,Bernina,106
2019-06-08,2108,Vallemaggia,131
2019-06-08,503,Höfe,26
2019-06-08,105,Hinwil,26
2019-06-08,311,Luzern-Stadt,198
2019-06-08,1846,Maloja,124
2019-06-08,1301,Arlesheim,61
2019-06-08,2225,Lausanne,29
2019-06-08,1403,Schaffhausen,52
2019-06-08,12,Basel-Stadt,289
2019-06-08,313,Hochdorf,40
2019-06-08,7,Nidwalden,34
2019-06-08,245,Emmental,21
2019-06-08,103,Bülach,142
2019-06-08,1841,Albula,32
2019-06-08,2101,Bellinzona,5582
2019-06-08,1726,See-Gaster,34
2019-06-08,2107,Riviera,518
2019-06-08,112,Zürich,812
2019-06-08,1845,Landquart,44
2019-06-08,1901,Aarau,42
2019-06-08,314,Sursee,47
2019-06-08,2013,Kreuzlingen,28
2019-06-08,250,Interlaken-Oberhasli,38
2019-06-08,1844,Imboden,57
2019-06-08,104,Dielsdorf,26
2019-06-08,1108,Olten,30
2019-06-08,1721,St. Gallen,39
2019-06-08,1903,Bremgarten,31
2019-06-08,246,Bern-Mittelland,97
2019-06-08,2102,Blenio,491
2019-06-08,315,Willisau,35
2019-06-08,1725,Sarganserland,50
2019-06-08,1303,Liestal,37
2019-06-08,107,Meilen,43
2019-06-08,242,Biel/Bienne,23
2019-06-08,4,Uri,1192
2019-06-08,506,Schwyz,87
2019-06-08,1004,La Sarine,35
2019-06-08,1902,Baden,49
2019-06-08,111,Dietikon,36
2019-06-08,1848,Plessur,38
2019-06-08,2106,Mendrisio,16834
2019-06-08,-1,Other,598
2019-06-09,1850,Surselva,48
2019-06-09,2104,Locarno,2893
2019-06-09,1728,Wil,25
2019-06-09,1724,Werdenberg,215
2019-06-09,25,Genève,26
2019-06-09,110,Winterthur,25
2019-06-09,2301,Brig,29
2019-06-09,1847,Moesa,405
2019-06-09,2105,Lugano,27691
2019-06-09,2103,Leventina,691
2019-06-09,312,Luzern-Land,25
2019-06-09,6,Obwalden,79
2019-06-09,2307,Martigny,32
2019-06-09,1723,Rheintal,85
2019-06-09,1910,Zofingen,44
2019-06-09,1402,Reiat,42
2019-06-09,1851,Viamala,103
2019-06-09,9,Zug,85
2019-06-09,109,Uster,43
2019-06-09,1842,Bernina,107
2019-06-09,2108,Vallemaggia,101
2019-06-09,105,Hinwil,28
2019-06-09,311,Luzern-Stadt,113
2019-06-09,1846,Maloja,115
2019-06-09,1301,Arlesheim,69
2019-06-09,1403,Schaffhausen,56
2019-06-09,12,Basel-Stadt,253
2019-06-09,313,Hochdorf,23
2019-06-09,7,Nidwalden,45
2019-06-09,103,Bülach,93
2019-06-09,1841,Albula,26
2019-06-09,2101,Bellinzona,3399
2019-06-09,2107,Riviera,298
2019-06-09,112,Zürich,399
2019-06-09,1845,Landquart,41
2019-06-09,1901,Aarau,21
2019-06-09,1849,Prättigau/Davos,28
2019-06-09,314,Sursee,60
2019-06-09,2013,Kreuzlingen,33
2019-06-09,250,Interlaken-Oberhasli,49
2019-06-09,104,Dielsdorf,46
2019-06-09,1108,Olten,25
2019-06-09,246,Bern-Mittelland,82
2019-06-09,2102,Blenio,478
2019-06-09,1725,Sarganserland,42
2019-06-09,1303,Liestal,34
2019-06-09,107,Meilen,32
2019-06-09,4,Uri,489
2019-06-09,506,Schwyz,206
2019-06-09,1902,Baden,65
2019-06-09,111,Dietikon,47
2019-06-09,1848,Plessur,30
2019-06-09,2106,Mendrisio,15524
2019-06-09,-1,Other,653
2019-06-10,101,Affoltern,22
2019-06-10,1850,Surselva,44
2019-06-10,2104,Locarno,2250
2019-06-10,24,Neuchâtel,27
2019-06-10,1724,Werdenberg,121
2019-06-10,25,Genève,46
2019-06-10,2301,Brig,26
2019-06-10,1847,Moesa,407
2019-06-10,2105,Lugano,27261
2019-06-10,106,Horgen,48
2019-06-10,2103,Leventina,659
2019-06-10,312,Luzern-Land,43
2019-06-10,1723,Rheintal,61
2019-06-10,2313,Visp,21
2019-06-10,1402,Reiat,28
2019-06-10,1851,Viamala,140
2019-06-10,9,Zug,66
2019-06-10,1842,Bernina,149
2019-06-10,2108,Vallemaggia,131
2019-06-10,311,Luzern-Stadt,113
2019-06-10,1846,Maloja,180
2019-06-10,1301,Arlesheim,40
2019-06-10,2225,Lausanne,27
2019-06-10,1403,Schaffhausen,35
2019-06-10,12,Basel-Stadt,175
2019-06-10,313,Hochdorf,22
2019-06-10,103,Bülach,122
2019-06-10,1841,Albula,85
2019-06-10,2101,Bellinzona,2727
2019-06-10,2107,Riviera,320
2019-06-10,112,Zürich,320
2019-06-10,1849,Prättigau/Davos,23
2019-06-10,314,Sursee,44
2019-06-10,250,Interlaken-Oberhasli,54
2019-06-10,1844,Imboden,24
2019-06-10,104,Dielsdorf,26
2019-06-10,246,Bern-Mittelland,44
2019-06-10,2102,Blenio,479
2019-06-10,1725,Sarganserland,24
2019-06-10,1303,Liestal,34
2019-06-10,4,Uri,192
2019-06-10,506,Schwyz,219
2019-06-10,1902,Baden,26
2019-06-10,111,Dietikon,31
2019-06-10,1848,Plessur,25
2019-06-10,2106,Mendrisio,18018
2019-06-10,-1,Other,606
2019-06-11,2104,Locarno,4840
2019-06-11,1724,Werdenberg,103
2019-06-11,25,Genève,76
2019-06-11,110,Winterthur,25
2019-06-11,2301,Brig,24
2019-06-11,1847,Moesa,585
2019-06-11,2105,Lugano,53501
2019-06-11,106,Horgen,33
2019-06-11,2103,Leventina,791
2019-06-11,312,Luzern-Land,60
2019-06-11,1723,Rheintal,47
2019-06-11,1402,Reiat,22
2019-06-11,1851,Viamala,52
2019-06-11,9,Zug,96
2019-06-11,109,Uster,27
2019-06-11,1842,Bernina,113
2019-06-11,2108,Vallemaggia,151
2019-06-11,244,Oberaargau,38
2019-06-11,311,Luzern-Stadt,117
2019-06-11,1846,Maloja,113
2019-06-11,1301,Arlesheim,36
2019-06-11,2225,Lausanne,24
2019-06-11,1403,Schaffhausen,41
2019-06-11,12,Basel-Stadt,216
2019-06-11,313,Hochdorf,46
2019-06-11,7,Nidwalden,38
2019-06-11,245,Emmental,43
2019-06-11,103,Bülach,149
2019-06-11,2101,Bellinzona,9813
2019-06-11,2107,Riviera,810
2019-06-11,112,Zürich,536
2019-06-11,1845,Landquart,30
2019-06-11,1901,Aarau,22
2019-06-11,314,Sursee,31
2019-06-11,250,Interlaken-Oberhasli,32
2019-06-11,1108,Olten,29
2019-06-11,1101,Gäu,32
2019-06-11,246,Bern-Mittelland,91
2019-06-11,2102,Blenio,296
2019-06-11,1303,Liestal,27
2019-06-11,242,Biel/Bienne,23
2019-06-11,4,Uri,182
2019-06-11,506,Schwyz,183
2019-06-11,1004,La Sarine,21
2019-06-11,111,Dietikon,25
2019-06-11,2106,Mendrisio,26490
2019-06-11,-1,Other,660
2019-06-12,101,Affoltern,23
2019-06-12,1850,Surselva,22
2019-06-12,2104,Locarno,4698
2019-06-12,24,Neuchâtel,29
2019-06-12,1724,Werdenberg,55
2019-06-12,25,Genève,55
2019-06-12,110,Winterthur,43
2019-06-12,2301,Brig,36
2019-06-12,1847,Moesa,585
2019-06-12,2105,Lugano,53087
2019-06-12,106,Horgen,65
2019-06-12,2103,Leventina,695
2019-06-12,312,Luzern-Land,68
2019-06-12,1723,Rheintal,22
2019-06-12,1851,Viamala,22
2019-06-12,9,Zug,92
2019-06-12,109,Uster,45
2019-06-12,1842,Bernina,60
2019-06-12,2108,Vallemaggia,164
2019-06-12,105,Hinwil,30
2019-06-12,311,Luzern-Stadt,103
2019-06-12,1846,Maloja,42
2019-06-12,1301,Arlesheim,60
2019-06-12,2225,Lausanne,26
2019-06-12,1403,Schaffhausen,24
2019-06-12,12,Basel-Stadt,163
2019-06-12,313,Hochdorf,21
2019-06-12,7,Nidwalden,42
2019-06-12,103,Bülach,154
2019-06-12,1909,Rheinfelden,21
2019-06-12,2101,Bellinzona,9218
2019-06-12,2107,Riviera,792
2019-06-12,112,Zürich,497
2019-06-12,314,Sursee,35
2019-06-12,250,Interlaken-Oberhasli,50
2019-06-12,104,Dielsdorf,25
2019-06-12,1108,Olten,37
2019-06-12,1903,Bremgarten,26
2019-06-12,246,Bern-Mittelland,92
2019-06-12,2102,Blenio,340
2019-06-12,1303,Liestal,32
2019-06-12,107,Meilen,47
2019-06-12,4,Uri,443
2019-06-12,506,Schwyz,213
2019-06-12,1902,Baden,27
2019-06-12,111,Dietikon,36
2019-06-12,2106,Mendrisio,25358
2019-06-12,-1,Other,637
2019-06-13,101,Affoltern,52
2019-06-13,1850,Surselva,36
2019-06-13,2104,Locarno,4881
2019-06-13,1724,Werdenberg,117
2019-06-13,25,Genève,59
2019-06-13,504,Küssnacht (SZ),23
2019-06-13,110,Winterthur,43
2019-06-13,2301,Brig,25
2019-06-13,1847,Moesa,629
2019-06-13,2105,Lugano,57153
2019-06-13,106,Horgen,82
2019-06-13,2103,Leventina,864
2019-06-13,312,Luzern-Land,57
2019-06-13,6,Obwalden,24
2019-06-13,1723,Rheintal,39
2019-06-13,2313,Visp,45
2019-06-13,1910,Zofingen,25
2019-06-13,1402,Reiat,27
2019-06-13,1851,Viamala,109
2019-06-13,9,Zug,134
2019-06-13,109,Uster,35
2019-06-13,1842,Bernina,105
2019-06-13,2108,Vallemaggia,164
2019-06-13,503,Höfe,23
2019-06-13,244,Oberaargau,24
2019-06-13,311,Luzern-Stadt,128
2019-06-13,1846,Maloja,101
2019-06-13,1301,Arlesheim,49
2019-06-13,2225,Lausanne,37
2019-06-13,12,Basel-Stadt,275
2019-06-13,313,Hochdorf,47
2019-06-13,7,Nidwalden,24
2019-06-13,103,Bülach,170
2019-06-13,1909,Rheinfelden,27
2019-06-13,2101,Bellinzona,9457
2019-06-13,2107,Riviera,816
2019-06-13,112,Zürich,699
2019-06-13,1845,Landquart,22
2019-06-13,1901,Aarau,28
2019-06-13,1849,Prättigau/Davos,21
2019-06-13,314,Sursee,49
2019-06-13,250,Interlaken-Oberhasli,50
2019-06-13,104,Dielsdorf,27
2019-06-13,1108,Olten,29
2019-06-13,1721,St. Gallen,26
2019-06-13,1903,Bremgarten,36
2019-06-13,246,Bern-Mittelland,166
2019-06-13,2102,Blenio,338
2019-06-13,1725,Sarganserland,37
2019-06-13,1303,Liestal,25
2019-06-13,107,Meilen,34
2019-06-13,242,Biel/Bienne,34
2019-06-13,4,Uri,356
2019-06-13,506,Schwyz,289
2019-06-13,1902,Baden,49
2019-06-13,111,Dietikon,32
2019-06-13,1848,Plessur,27
2019-06-13,2106,Mendrisio,26373
2019-06-13,-1,Other,609
2019-06-14,101,Affoltern,45
2019-06-14,2104,Locarno,4872
2019-06-14,2014,Münchwilen,25
2019-06-14,247,Thun,22
2019-06-14,24,Neuchâtel,41
2019-06-14,1724,Werdenberg,193
2019-06-14,25,Genève,138
2019-06-14,110,Winterthur,67
2019-06-14,1907,Lenzburg,25
2019-06-14,2301,Brig,29
2019-06-14,1847,Moesa,830
2019-06-14,2105,Lugano,60679
2019-06-14,106,Horgen,82
2019-06-14,2103,Leventina,1007
2019-06-14,312,Luzern-Land,78
2019-06-14,6,Obwalden,47
2019-06-14,1723,Rheintal,99
2019-06-14,1910,Zofingen,36
2019-06-14,1402,Reiat,45
2019-06-14,1851,Viamala,87
2019-06-14,9,Zug,184
2019-06-14,109,Uster,56
2019-06-14,1842,Bernina,68
2019-06-14,2108,Vallemaggia,193
2019-06-14,105,Hinwil,35
2019-06-14,311,Luzern-Stadt,189
2019-06-14,1846,Maloja,176
2019-06-14,1301,Arlesheim,82
2019-06-14,2225,Lausanne,33
2019-06-14,1403,Schaffhausen,46
2019-06-14,12,Basel-Stadt,321
2019-06-14,313,Hochdorf,31
2019-06-14,7,Nidwalden,53
2019-06-14,103,Bülach,176
2019-06-14,2101,Bellinzona,9772
2019-06-14,1726,See-Gaster,22
2019-06-14,505,March,22
2019-06-14,2107,Riviera,1055
2019-06-14,112,Zürich,913
2019-06-14,1845,Landquart,40
2019-06-14,1003,La Gruyère,31
2019-06-14,1901,Aarau,32
2019-06-14,314,Sursee,51
2019-06-14,250,Interlaken-Oberhasli,62
2019-06-14,1844,Imboden,23
2019-06-14,104,Dielsdorf,43
2019-06-14,1108,Olten,74
2019-06-14,1721,St. Gallen,37
2019-06-14,1903,Bremgarten,60
2019-06-14,1101,Gäu,29
2019-06-14,246,Bern-Mittelland,142
2019-06-14,2230,Riviera-Pays-d'Enhaut,39
2019-06-14,2102,Blenio,260
2019-06-14,315,Willisau,33
2019-06-14,1725,Sarganserland,47
2019-06-14,1303,Liestal,56
2019-06-14,107,Meilen,45
2019-06-14,242,Biel/Bienne,42
2019-06-14,4,Uri,493
2019-06-14,506,Schwyz,449
2019-06-14,1004,La Sarine,29
2019-06-14,1902,Baden,40
2019-06-14,111,Dietikon,48
2019-06-14,1848,Plessur,56
2019-06-14,2106,Mendrisio,26096
2019-06-14,-1,Other,696
2019-06-15,101,Affoltern,25
2019-06-15,249,Frutigen-Niedersimmental,21
2019-06-15,1850,Surselva,28
2019-06-15,2104,Locarno,3800
2019-06-15,247,Thun,21
2019-06-15,24,Neuchâtel,43
2019-06-15,1724,Werdenberg,212
2019-06-15,1904,Brugg,29
2019-06-15,25,Genève,47
2019-06-15,110,Winterthur,44
2019-06-15,2301,Brig,63
2019-06-15,1847,Moesa,518
2019-06-15,2105,Lugano,48833
2019-06-15,106,Horgen,102
2019-06-15,2103,Leventina,925
2019-06-15,312,Luzern-Land,69
2019-06-15,6,Obwalden,36
2019-06-15,1723,Rheintal,88
2019-06-15,2313,Visp,37
2019-06-15,1402,Reiat,29
2019-06-15,1851,Viamala,158
2019-06-15,9,Zug,146
2019-06-15,109,Uster,55
2019-06-15,1842,Bernina,92
2019-06-15,2108,Vallemaggia,139
2019-06-15,311,Luzern-Stadt,106
2019-06-15,1846,Maloja,148
2019-06-15,1301,Arlesheim,66
2019-06-15,2225,Lausanne,22
2019-06-15,1403,Schaffhausen,54
2019-06-15,12,Basel-Stadt,262
2019-06-15,313,Hochdorf,22
2019-06-15,7,Nidwalden,36
2019-06-15,1722,Rorschach,32
2019-06-15,103,Bülach,135
2019-06-15,2101,Bellinzona,5577
2019-06-15,2107,Riviera,501
2019-06-15,112,Zürich,586
2019-06-15,1845,Landquart,59
2019-06-15,1901,Aarau,32
2019-06-15,314,Sursee,58
2019-06-15,2013,Kreuzlingen,29
2019-06-15,250,Interlaken-Oberhasli,63
2019-06-15,1844,Imboden,33
2019-06-15,104,Dielsdorf,26
2019-06-15,1108,Olten,29
2019-06-15,1721,St. Gallen,44
2019-06-15,1903,Bremgarten,27
2019-06-15,8,Glarus,23
2019-06-15,246,Bern-Mittelland,99
2019-06-15,1908,Muri,23
2019-06-15,2102,Blenio,297
2019-06-15,1725,Sarganserland,42
2019-06-15,1303,Liestal,38
2019-06-15,107,Meilen,43
2019-06-15,242,Biel/Bienne,28
2019-06-15,4,Uri,671
2019-06-15,506,Schwyz,436
2019-06-15,1902,Baden,32
2019-06-15,1848,Plessur,70
2019-06-15,2106,Mendrisio,18456
2019-06-15,-1,Other,654
2019-06-16,101,Affoltern,23
2019-06-16,2104,Locarno,3077
2019-06-16,1724,Werdenberg,178
2019-06-16,25,Genève,73
2019-06-16,504,Küssnacht (SZ),26
2019-06-16,110,Winterthur,37
2019-06-16,1847,Moesa,654
2019-06-16,2105,Lugano,37403
2019-06-16,106,Horgen,57
2019-06-16,2103,Leventina,1018
2019-06-16,312,Luzern-Land,41
2019-06-16,2011,Arbon,26
2019-06-16,1723,Rheintal,72
2019-06-16,2313,Visp,22
2019-06-16,1910,Zofingen,36
2019-06-16,1402,Reiat,25
2019-06-16,1851,Viamala,102
2019-06-16,9,Zug,150
2019-06-16,109,Uster,42
2019-06-16,1842,Bernina,123
2019-06-16,2108,Vallemaggia,295
2019-06-16,311,Luzern-Stadt,120
2019-06-16,1846,Maloja,171
2019-06-16,1301,Arlesheim,54
2019-06-16,1403,Schaffhausen,45
2019-06-16,12,Basel-Stadt,322
2019-06-16,313,Hochdorf,41
2019-06-16,7,Nidwalden,43
2019-06-16,103,Bülach,159
2019-06-16,1909,Rheinfelden,21
2019-06-16,1841,Albula,52
2019-06-16,2101,Bellinzona,3366
2019-06-16,2107,Riviera,297
2019-06-16,112,Zürich,601
2019-06-16,1845,Landquart,27
2019-06-16,1901,Aarau,54
2019-06-16,314,Sursee,75
2019-06-16,250,Interlaken-Oberhasli,56
2019-06-16,104,Dielsdorf,38
2019-06-16,1108,Olten,47
2019-06-16,1903,Bremgarten,41
2019-06-16,246,Bern-Mittelland,71
2019-06-16,2102,Blenio,516
2019-06-16,1725,Sarganserland,31
2019-06-16,1303,Liestal,43
2019-06-16,107,Meilen,53
2019-06-16,242,Biel/Bienne,30
2019-06-16,4,Uri,367
2019-06-16,506,Schwyz,292
2019-06-16,1902,Baden,61
2019-06-16,111,Dietikon,29
2019-06-16,1848,Plessur,34
2019-06-16,2106,Mendrisio,16184
2019-06-16,-1,Other,753
2019-06-17,101,Affoltern,22
2019-06-17,1850,Surselva,30
2019-06-17,2104,Locarno,4593
2019-06-17,2014,Münchwilen,27
2019-06-17,1724,Werdenberg,97
2019-06-17,1904,Brugg,28
2019-06-17,25,Genève,66
2019-06-17,110,Winterthur,33
2019-06-17,2301,Brig,51
2019-06-17,1847,Moesa,659
2019-06-17,2105,Lugano,55723
2019-06-17,106,Horgen,85
2019-06-17,2103,Leventina,815
2019-06-17,312,Luzern-Land,50
2019-06-17,6,Obwalden,29
2019-06-17,1723,Rheintal,45
2019-06-17,2313,Visp,27
2019-06-17,1910,Zofingen,23
2019-06-17,1402,Reiat,30
2019-06-17,1851,Viamala,50
2019-06-17,9,Zug,121
2019-06-17,109,Uster,34
2019-06-17,1842,Bernina,66
2019-06-17,2108,Vallemaggia,173
2019-06-17,311,Luzern-Stadt,153
2019-06-17,1846,Maloja,87
2019-06-17,1301,Arlesheim,54
2019-06-17,2225,Lausanne,24
2019-06-17,1403,Schaffhausen,34
2019-06-17,12,Basel-Stadt,269
2019-06-17,313,Hochdorf,52
2019-06-17,7,Nidwalden,35
2019-06-17,103,Bülach,209
2019-06-17,1841,Albula,24
2019-06-17,2101,Bellinzona,8959
2019-06-17,2107,Riviera,805
2019-06-17,112,Zürich,577
2019-06-17,1845,Landquart,22
2019-06-17,1901,Aarau,41
2019-06-17,314,Sursee,36
2019-06-17,250,Interlaken-Oberhasli,50
2019-06-17,104,Dielsdorf,22
2019-06-17,1108,Olten,36
2019-06-17,1721,St. Gallen,32
2019-06-17,246,Bern-Mittelland,83
2019-06-17,2102,Blenio,309
2019-06-17,1303,Liestal,37
2019-06-17,107,Meilen,38
2019-06-17,242,Biel/Bienne,24
2019-06-17,4,Uri,258
2019-06-17,506,Schwyz,267
2019-06-17,1902,Baden,37
2019-06-17,111,Dietikon,24
2019-06-17,1848,Plessur,26
2019-06-17,2106,Mendrisio,26046
2019-06-17,-1,Other,545
2019-06-18,101,Affoltern,25
2019-06-18,2104,Locarno,4613
2019-06-18,24,Neuchâtel,26
2019-06-18,1724,Werdenberg,73
2019-06-18,25,Genève,33
2019-06-18,110,Winterthur,40
2019-06-18,1847,Moesa,653
2019-06-18,2105,Lugano,56425
2019-06-18,106,Horgen,32
2019-06-18,2103,Leventina,727
2019-06-18,312,Luzern-Land,62
2019-06-18,6,Obwalden,31
2019-06-18,1723,Rheintal,53
2019-06-18,1910,Zofingen,26
2019-06-18,1851,Viamala,61
2019-06-18,9,Zug,157
2019-06-18,109,Uster,30
2019-06-18,1842,Bernina,60
2019-06-18,2108,Vallemaggia,159
2019-06-18,105,Hinwil,21
2019-06-18,244,Oberaargau,28
2019-06-18,311,Luzern-Stadt,94
2019-06-18,1846,Maloja,82
2019-06-18,1301,Arlesheim,32
2019-06-18,12,Basel-Stadt,169
2019-06-18,7,Nidwalden,39
2019-06-18,103,Bülach,154
2019-06-18,2101,Bellinzona,9047
2019-06-18,2107,Riviera,844
2019-06-18,112,Zürich,628
2019-06-18,314,Sursee,51
2019-06-18,250,Interlaken-Oberhasli,31
2019-06-18,104,Dielsdorf,25
2019-06-18,1108,Olten,28
2019-06-18,1903,Bremgarten,28
2019-06-18,246,Bern-Mittelland,117
2019-06-18,2102,Blenio,292
2019-06-18,315,Willisau,27
2019-06-18,1725,Sarganserland,27
2019-06-18,107,Meilen,28
2019-06-18,4,Uri,238
2019-06-18,506,Schwyz,341
2019-06-18,1004,La Sarine,23
2019-06-18,1902,Baden,31
2019-06-18,1848,Plessur,31
2019-06-18,2106,Mendrisio,27072
2019-06-18,-1,Other,710
2019-06-19,101,Affoltern,30
2019-06-19,1850,Surselva,29
2019-06-19,2104,Locarno,4858
2019-06-19,1724,Werdenberg,175
2019-06-19,25,Genève,37
2019-06-19,110,Winterthur,25
2019-06-19,1847,Moesa,647
2019-06-19,2105,Lugano,56945
2019-06-19,106,Horgen,65
2019-06-19,2103,Leventina,806
2019-06-19,312,Luzern-Land,129
2019-06-19,6,Obwalden,21
2019-06-19,1723,Rheintal,58
2019-06-19,2313,Visp,31
2019-06-19,1910,Zofingen,33
2019-06-19,1402,Reiat,28
2019-06-19,1851,Viamala,77
2019-06-19,9,Zug,123
2019-06-19,109,Uster,27
2019-06-19,1842,Bernina,57
2019-06-19,2108,Vallemaggia,157
2019-06-19,503,Höfe,30
2019-06-19,105,Hinwil,23
2019-06-19,311,Luzern-Stadt,150
2019-06-19,1846,Maloja,62
2019-06-19,1301,Arlesheim,51
2019-06-19,1403,Schaffhausen,26
2019-06-19,12,Basel-Stadt,199
2019-06-19,313,Hochdorf,56
2019-06-19,7,Nidwalden,48
2019-06-19,245,Emmental,30
2019-06-19,103,Bülach,160
2019-06-19,2101,Bellinzona,9381
2019-06-19,2107,Riviera,844
2019-06-19,112,Zürich,570
2019-06-19,1845,Landquart,21
2019-06-19,314,Sursee,63
2019-06-19,250,Interlaken-Oberhasli,34
2019-06-19,1108,Olten,31
2019-06-19,1721,St. Gallen,25
2019-06-19,1903,Bremgarten,25
2019-06-19,246,Bern-Mittelland,81
2019-06-19,2102,Blenio,293
2019-06-19,315,Willisau,30
2019-06-19,1725,Sarganserland,32
2019-06-19,1303,Liestal,26
2019-06-19,107,Meilen,47
2019-06-19,242,Biel/Bienne,21
2019-06-19,4,Uri,312
2019-06-19,506,Schwyz,293
2019-06-19,1004,La Sarine,43
2019-06-19,1902,Baden,60
2019-06-19,111,Dietikon,28
2019-06-19,1848,Plessur,27
2019-06-19,2106,Mendrisio,26257
2019-06-19,-1,Other,547
2019-06-20,101,Affoltern,30
2019-06-20,1850,Surselva,34
2019-06-20,2104,Locarno,2706
2019-06-20,247,Thun,22
2019-06-20,1724,Werdenberg,203
2019-06-20,25,Genève,54
2019-06-20,110,Winterthur,36
2019-06-20,1847,Moesa,594
2019-06-20,2105,Lugano,33905
2019-06-20,106,Horgen,55
2019-06-20,2103,Leventina,770
2019-06-20,312,Luzern-Land,48
2019-06-20,6,Obwalden,32
2019-06-20,1723,Rheintal,108
2019-06-20,1402,Reiat,32
2019-06-20,1851,Viamala,94
2019-06-20,9,Zug,165
2019-06-20,1842,Bernina,44
2019-06-20,2108,Vallemaggia,167
2019-06-20,2304,Goms,35
2019-06-20,244,Oberaargau,32
2019-06-20,311,Luzern-Stadt,132
2019-06-20,1846,Maloja,59
2019-06-20,1301,Arlesheim,45
2019-06-20,1403,Schaffhausen,39
2019-06-20,12,Basel-Stadt,215
2019-06-20,313,Hochdorf,35
2019-06-20,7,Nidwalden,33
2019-06-20,103,Bülach,119
2019-06-20,1841,Albula,26
2019-06-20,2101,Bellinzona,3577
2019-06-20,2107,Riviera,361
2019-06-20,112,Zürich,562
2019-06-20,1845,Landquart,42
2019-06-20,314,Sursee,50
2019-06-20,250,Interlaken-Oberhasli,43
2019-06-20,1108,Olten,21
2019-06-20,1903,Bremgarten,38
2019-06-20,246,Bern-Mittelland,60
2019-06-20,2102,Blenio,248
2019-06-20,1725,Sarganserland,52
2019-06-20,1303,Liestal,43
2019-06-20,107,Meilen,36
2019-06-20,4,Uri,465
2019-06-20,506,Schwyz,302
2019-06-20,1902,Baden,36
2019-06-20,111,Dietikon,31
2019-06-20,1848,Plessur,27
2019-06-20,2106,Mendrisio,15947
2019-06-20,-1,Other,674
2019-06-21,1850,Surselva,29
2019-06-21,2104,Locarno,4170
2019-06-21,24,Neuchâtel,37
2019-06-21,1724,Werdenberg,119
2019-06-21,1904,Brugg,27
2019-06-21,25,Genève,76
2019-06-21,110,Winterthur,39
2019-06-21,1907,Lenzburg,25
2019-06-21,1847,Moesa,519
2019-06-21,2105,Lugano,49499
2019-06-21,106,Horgen,50
2019-06-21,2103,Leventina,921
2019-06-21,312,Luzern-Land,53
2019-06-21,2011,Arbon,21
2019-06-21,1723,Rheintal,70
2019-06-21,2313,Visp,25
2019-06-21,1910,Zofingen,28
2019-06-21,1851,Viamala,94
2019-06-21,9,Zug,150
2019-06-21,109,Uster,57
2019-06-21,1842,Bernina,57
2019-06-21,2108,Vallemaggia,156
2019-06-21,2304,Goms,38
2019-06-21,503,Höfe,25
2019-06-21,105,Hinwil,22
2019-06-21,311,Luzern-Stadt,114
2019-06-21,1846,Maloja,81
2019-06-21,1301,Arlesheim,35
2019-06-21,2225,Lausanne,36
2019-06-21,1403,Schaffhausen,32
2019-06-21,12,Basel-Stadt,219
2019-06-21,313,Hochdorf,30
2019-06-21,7,Nidwalden,48
2019-06-21,103,Bülach,142
2019-06-21,1841,Albula,24
2019-06-21,2101,Bellinzona,7399
2019-06-21,1726,See-Gaster,24
2019-06-21,2107,Riviera,586
2019-06-21,112,Zürich,725
2019-06-21,1845,Landquart,50
2019-06-21,1901,Aarau,27
2019-06-21,314,Sursee,39
2019-06-21,250,Interlaken-Oberhasli,58
2019-06-21,1844,Imboden,31
2019-06-21,104,Dielsdorf,24
2019-06-21,1108,Olten,34
2019-06-21,1721,St. Gallen,30
2019-06-21,1903,Bremgarten,21
2019-06-21,246,Bern-Mittelland,162
2019-06-21,2102,Blenio,296
2019-06-21,315,Willisau,29
2019-06-21,1725,Sarganserland,55
2019-06-21,1303,Liestal,27
2019-06-21,107,Meilen,46
2019-06-21,4,Uri,309
2019-06-21,506,Schwyz,308
2019-06-21,1902,Baden,44
2019-06-21,111,Dietikon,31
2019-06-21,1848,Plessur,54
2019-06-21,2106,Mendrisio,22590
2019-06-21,-1,Other,653
2019-06-22,1850,Surselva,35
2019-06-22,2104,Locarno,3007
2019-06-22,1724,Werdenberg,133
2019-06-22,25,Genève,33
2019-06-22,110,Winterthur,62
2019-06-22,2301,Brig,28
2019-06-22,1847,Moesa,507
2019-06-22,2105,Lugano,37744
2019-06-22,106,Horgen,65
2019-06-22,1843,Engiadina Bassa/Val Müstair,22
2019-06-22,2103,Leventina,727
2019-06-22,312,Luzern-Land,45
2019-06-22,1723,Rheintal,75
2019-06-22,2015,Weinfelden,23
2019-06-22,1851,Viamala,113
2019-06-22,9,Zug,100
2019-06-22,109,Uster,33
2019-06-22,1842,Bernina,96
2019-06-22,2108,Vallemaggia,108
2019-06-22,2304,Goms,39
2019-06-22,311,Luzern-Stadt,127
2019-06-22,1846,Maloja,114
2019-06-22,1301,Arlesheim,55
2019-06-22,2225,Lausanne,29
2019-06-22,1403,Schaffhausen,54
2019-06-22,12,Basel-Stadt,252
2019-06-22,313,Hochdorf,34
2019-06-22,7,Nidwalden,40
2019-06-22,103,Bülach,126
2019-06-22,108,Pfäffikon,21
2019-06-22,1841,Albula,29
2019-06-22,2101,Bellinzona,4988
2019-06-22,2107,Riviera,461
2019-06-22,112,Zürich,585
2019-06-22,1845,Landquart,24
2019-06-22,1901,Aarau,24
2019-06-22,1849,Prättigau/Davos,23
2019-06-22,314,Sursee,35
2019-06-22,250,Interlaken-Oberhasli,41
2019-06-22,1844,Imboden,27
2019-06-22,1903,Bremgarten,32
2019-06-22,246,Bern-Mittelland,53
2019-06-22,2102,Blenio,271
2019-06-22,1725,Sarganserland,58
2019-06-22,1303,Liestal,34
2019-06-22,107,Meilen,36
2019-06-22,4,Uri,416
2019-06-22,506,Schwyz,275
2019-06-22,1004,La Sarine,23
2019-06-22,1902,Baden,37
2019-06-22,111,Dietikon,53
2019-06-22,1848,Plessur,51
2019-06-22,2106,Mendrisio,17417
2019-06-22,-1,Other,704
2019-06-23,1850,Surselva,60
2019-06-23,2104,Locarno,2714
2019-06-23,1724,Werdenberg,112
2019-06-23,25,Genève,52
2019-06-23,110,Winterthur,26
2019-06-23,1847,Moesa,686
2019-06-23,2105,Lugano,31896
2019-06-23,106,Horgen,45
2019-06-23,1843,Engiadina Bassa/Val Müstair,23
2019-06-23,2103,Leventina,1426
2019-06-23,312,Luzern-Land,43
2019-06-23,6,Obwalden,30
2019-06-23,1723,Rheintal,72
2019-06-23,2313,Visp,23
2019-06-23,1851,Viamala,109
2019-06-23,9,Zug,77
2019-06-23,109,Uster,43
2019-06-23,1842,Bernina,147
2019-06-23,2108,Vallemaggia,372
2019-06-23,2304,Goms,89
2019-06-23,311,Luzern-Stadt,157
2019-06-23,1846,Maloja,206
2019-06-23,1301,Arlesheim,59
2019-06-23,2225,Lausanne,27
2019-06-23,12,Basel-Stadt,232
2019-06-23,7,Nidwalden,29
2019-06-23,103,Bülach,153
2019-06-23,1841,Albula,75
2019-06-23,2101,Bellinzona,2976
2019-06-23,2107,Riviera,353
2019-06-23,1905,Kulm,21
2019-06-23,112,Zürich,438
2019-06-23,1845,Landquart,31
2019-06-23,1901,Aarau,21
2019-06-23,1849,Prättigau/Davos,29
2019-06-23,314,Sursee,52
2019-06-23,2013,Kreuzlingen,33
2019-06-23,250,Interlaken-Oberhasli,47
2019-06-23,1844,Imboden,28
2019-06-23,104,Dielsdorf,21
2019-06-23,1108,Olten,28
2019-06-23,1721,St. Gallen,22
2019-06-23,246,Bern-Mittelland,82
2019-06-23,2102,Blenio,695
2019-06-23,1725,Sarganserland,33
2019-06-23,1303,Liestal,38
2019-06-23,107,Meilen,31
2019-06-23,4,Uri,307
2019-06-23,506,Schwyz,213
2019-06-23,1902,Baden,33
2019-06-23,1848,Plessur,37
2019-06-23,2106,Mendrisio,17203
2019-06-23,-1,Other,674
2019-06-24,101,Affoltern,24
2019-06-24,1850,Surselva,134
2019-06-24,2104,Locarno,4130
2019-06-24,1724,Werdenberg,81
2019-06-24,25,Genève,52
2019-06-24,2301,Brig,51
2019-06-24,1847,Moesa,633
2019-06-24,2105,Lugano,50318
2019-06-24,106,Horgen,44
2019-06-24,2103,Leventina,944
2019-06-24,243,Seeland,25
2019-06-24,312,Luzern-Land,50
2019-06-24,1723,Rheintal,34
2019-06-24,2313,Visp,27
2019-06-24,1851,Viamala,71
2019-06-24,9,Zug,122
2019-06-24,109,Uster,33
2019-06-24,1842,Bernina,73
2019-06-24,2108,Vallemaggia,181
2019-06-24,2304,Goms,34
2019-06-24,311,Luzern-Stadt,108
2019-06-24,1846,Maloja,92
2019-06-24,1301,Arlesheim,43
2019-06-24,12,Basel-Stadt,178
2019-06-24,313,Hochdorf,38
2019-06-24,7,Nidwalden,22
2019-06-24,103,Bülach,106
2019-06-24,1841,Albula,22
2019-06-24,2101,Bellinzona,8185
2019-06-24,2107,Riviera,728
2019-06-24,112,Zürich,418
2019-06-24,314,Sursee,42
2019-06-24,250,Interlaken-Oberhasli,44
2019-06-24,104,Dielsdorf,21
2019-06-24,1108,Olten,23
2019-06-24,1721,St. Gallen,21
2019-06-24,246,Bern-Mittelland,73
2019-06-24,2102,Blenio,409
2019-06-24,315,Willisau,23
2019-06-24,1725,Sarganserland,32
2019-06-24,1303,Liestal,40
2019-06-24,242,Biel/Bienne,31
2019-06-24,4,Uri,309
2019-06-24,506,Schwyz,249
2019-06-24,1004,La Sarine,22
2019-06-24,1848,Plessur,28
2019-06-24,2106,Mendrisio,25492
2019-06-24,-1,Other,682
2019-06-25,1850,Surselva,22
2019-06-25,2104,Locarno,4142
2019-06-25,24,Neuchâtel,23
2019-06-25,1724,Werdenberg,46
2019-06-25,25,Genève,48
2019-06-25,2301,Brig,30
2019-06-25,1847,Moesa,639
2019-06-25,2105,Lugano,52499
2019-06-25,106,Horgen,41
2019-06-25,2103,Leventina,831
2019-06-25,312,Luzern-Land,54
2019-06-25,1723,Rheintal,37
2019-06-25,2313,Visp,22
2019-06-25,1851,Viamala,45
2019-06-25,9,Zug,89
2019-06-25,109,Uster,37
2019-06-25,1842,Bernina,121
2019-06-25,2108,Vallemaggia,152
2019-06-25,2304,Goms,54
2019-06-25,311,Luzern-Stadt,115
2019-06-25,1846,Maloja,121
2019-06-25,1301,Arlesheim,25
2019-06-25,2225,Lausanne,33
2019-06-25,12,Basel-Stadt,161
2019-06-25,313,Hochdorf,25
2019-06-25,7,Nidwalden,33
2019-06-25,103,Bülach,105
2019-06-25,1841,Albula,22
2019-06-25,2101,Bellinzona,8908
2019-06-25,2107,Riviera,769
2019-06-25,112,Zürich,486
2019-06-25,314,Sursee,38
2019-06-25,250,Interlaken-Oberhasli,36
2019-06-25,1108,Olten,29
2019-06-25,1903,Bremgarten,46
2019-06-25,246,Bern-Mittelland,73
2019-06-25,2102,Blenio,262
2019-06-25,4,Uri,289
2019-06-25,506,Schwyz,232
2019-06-25,1902,Baden,31
2019-06-25,111,Dietikon,30
2019-06-25,1848,Plessur,49
2019-06-25,2106,Mendrisio,25544
2019-06-25,-1,Other,704
2019-06-26,101,Affoltern,29
2019-06-26,1850,Surselva,37
2019-06-26,2104,Locarno,4235
2019-06-26,1724,Werdenberg,70
2019-06-26,25,Genève,59
2019-06-26,110,Winterthur,28
2019-06-26,1847,Moesa,678
2019-06-26,2105,Lugano,53031
2019-06-26,106,Horgen,43
2019-06-26,2103,Leventina,840
2019-06-26,312,Luzern-Land,32
2019-06-26,1723,Rheintal,28
2019-06-26,1851,Viamala,56
2019-06-26,9,Zug,101
2019-06-26,109,Uster,36
2019-06-26,1842,Bernina,66
2019-06-26,2108,Vallemaggia,190
2019-06-26,2304,Goms,50
2019-06-26,311,Luzern-Stadt,141
2019-06-26,1846,Maloja,75
2019-06-26,1301,Arlesheim,43
2019-06-26,2225,Lausanne,26
2019-06-26,1403,Schaffhausen,22
2019-06-26,12,Basel-Stadt,154
2019-06-26,313,Hochdorf,26
2019-06-26,7,Nidwalden,24
2019-06-26,103,Bülach,153
2019-06-26,1841,Albula,21
2019-06-26,2101,Bellinzona,8490
2019-06-26,1726,See-Gaster,21
2019-06-26,505,March,23
2019-06-26,2107,Riviera,684
2019-06-26,112,Zürich,507
2019-06-26,1845,Landquart,28
2019-06-26,314,Sursee,44
2019-06-26,250,Interlaken-Oberhasli,57
2019-06-26,104,Dielsdorf,25
2019-06-26,246,Bern-Mittelland,79
2019-06-26,2102,Blenio,308
2019-06-26,1725,Sarganserland,39
2019-06-26,107,Meilen,38
2019-06-26,4,Uri,266
2019-06-26,506,Schwyz,186
2019-06-26,1902,Baden,34
2019-06-26,111,Dietikon,35
2019-06-26,1848,Plessur,34
2019-06-26,2106,Mendrisio,25772
2019-06-26,-1,Other,739
2019-06-27,101,Affoltern,28
2019-06-27,1850,Surselva,35
2019-06-27,2104,Locarno,4208
2019-06-27,24,Neuchâtel,25
2019-06-27,1724,Werdenberg,74
2019-06-27,25,Genève,65
2019-06-27,110,Winterthur,41
2019-06-27,1907,Lenzburg,22
2019-06-27,1847,Moesa,729
2019-06-27,2105,Lugano,53497
2019-06-27,106,Horgen,76
2019-06-27,2103,Leventina,885
2019-06-27,312,Luzern-Land,47
2019-06-27,6,Obwalden,22
2019-06-27,1723,Rheintal,59
2019-06-27,1910,Zofingen,28
2019-06-27,1106,Wasseramt,22
2019-06-27,1851,Viamala,71
2019-06-27,9,Zug,101
2019-06-27,109,Uster,28
2019-06-27,1842,Bernina,46
2019-06-27,2108,Vallemaggia,198
2019-06-27,2304,Goms,67
2019-06-27,244,Oberaargau,34
2019-06-27,311,Luzern-Stadt,120
2019-06-27,1846,Maloja,85
2019-06-27,1301,Arlesheim,39
2019-06-27,2225,Lausanne,24
2019-06-27,12,Basel-Stadt,262
2019-06-27,313,Hochdorf,32
2019-06-27,7,Nidwalden,47
2019-06-27,245,Emmental,31
2019-06-27,103,Bülach,130
2019-06-27,1841,Albula,24
2019-06-27,2101,Bellinzona,8407
2019-06-27,2107,Riviera,744
2019-06-27,112,Zürich,674
2019-06-27,1845,Landquart,33
2019-06-27,1849,Prättigau/Davos,32
2019-06-27,314,Sursee,35
2019-06-27,250,Interlaken-Oberhasli,43
2019-06-27,1844,Imboden,23
2019-06-27,1108,Olten,81
2019-06-27,246,Bern-Mittelland,120
2019-06-27,2102,Blenio,327
2019-06-27,1725,Sarganserland,35
2019-06-27,1303,Liestal,35
2019-06-27,107,Meilen,49
2019-06-27,4,Uri,295
2019-06-27,506,Schwyz,318
2019-06-27,1004,La Sarine,34
2019-06-27,1902,Baden,52
2019-06-27,111,Dietikon,33
2019-06-27,1848,Plessur,41
2019-06-27,2106,Mendrisio,25589
2019-06-27,-1,Other,627
2019-06-28,101,Affoltern,28
2019-06-28,1850,Surselva,41
2019-06-28,2104,Locarno,4104
2019-06-28,247,Thun,25
2019-06-28,1724,Werdenberg,156
2019-06-28,25,Genève,81
2019-06-28,110,Winterthur,38
2019-06-28,1907,Lenzburg,24
2019-06-28,1847,Moesa,730
2019-06-28,2105,Lugano,53582
2019-06-28,106,Horgen,85
2019-06-28,2103,Leventina,1267
2019-06-28,312,Luzern-Land,55
2019-06-28,1723,Rheintal,121
2019-06-28,2015,Weinfelden,26
2019-06-28,2313,Visp,21
2019-06-28,1910,Zofingen,49
2019-06-28,1851,Viamala,108
2019-06-28,9,Zug,220
2019-06-28,109,Uster,38
2019-06-28,1842,Bernina,100
2019-06-28,2108,Vallemaggia,204
2019-06-28,2304,Goms,72
2019-06-28,503,Höfe,22
2019-06-28,311,Luzern-Stadt,123
2019-06-28,1846,Maloja,92
2019-06-28,1301,Arlesheim,55
2019-06-28,2225,Lausanne,26
2019-06-28,1403,Schaffhausen,23
2019-06-28,12,Basel-Stadt,271
2019-06-28,313,Hochdorf,41
2019-06-28,7,Nidwalden,68
2019-06-28,1722,Rorschach,25
2019-06-28,103,Bülach,137
2019-06-28,1909,Rheinfelden,23
2019-06-28,1841,Albula,27
2019-06-28,2101,Bellinzona,7899
2019-06-28,1726,See-Gaster,21
2019-06-28,1304,Sissach,23
2019-06-28,2107,Riviera,724
2019-06-28,112,Zürich,908
2019-06-28,1845,Landquart,70
2019-06-28,314,Sursee,61
2019-06-28,250,Interlaken-Oberhasli,62
2019-06-28,1844,Imboden,29
2019-06-28,104,Dielsdorf,30
2019-06-28,1108,Olten,25
2019-06-28,1721,St. Gallen,50
2019-06-28,1903,Bremgarten,28
2019-06-28,246,Bern-Mittelland,83
2019-06-28,2102,Blenio,403
2019-06-28,315,Willisau,36
2019-06-28,1725,Sarganserland,29
2019-06-28,1303,Liestal,53
2019-06-28,107,Meilen,37
2019-06-28,4,Uri,482
2019-06-28,506,Schwyz,368
2019-06-28,1004,La Sarine,21
2019-06-28,1902,Baden,43
2019-06-28,111,Dietikon,51
2019-06-28,1848,Plessur,67
2019-06-28,2106,Mendrisio,24941
2019-06-28,-1,Other,629
2019-06-29,1850,Surselva,49
2019-06-29,2104,Locarno,2787
2019-06-29,1724,Werdenberg,146
2019-06-29,25,Genève,31
2019-06-29,110,Winterthur,21
2019-06-29,2301,Brig,24
2019-06-29,1847,Moesa,707
2019-06-29,2105,Lugano,35283
2019-06-29,106,Horgen,47
2019-06-29,2103,Leventina,1236
2019-06-29,312,Luzern-Land,33
2019-06-29,2011,Arbon,21
2019-06-29,6,Obwalden,30
2019-06-29,1723,Rheintal,72
2019-06-29,2313,Visp,27
2019-06-29,1851,Viamala,159
2019-06-29,9,Zug,128
2019-06-29,109,Uster,42
2019-06-29,1842,Bernina,70
2019-06-29,2108,Vallemaggia,303
2019-06-29,2304,Goms,74
2019-06-29,311,Luzern-Stadt,128
2019-06-29,1846,Maloja,118
2019-06-29,1301,Arlesheim,86
2019-06-29,1403,Schaffhausen,23
2019-06-29,12,Basel-Stadt,356
2019-06-29,313,Hochdorf,22
2019-06-29,7,Nidwalden,24
2019-06-29,103,Bülach,125
2019-06-29,2101,Bellinzona,3266
2019-06-29,2107,Riviera,423
2019-06-29,112,Zürich,520
2019-06-29,1845,Landquart,43
2019-06-29,1901,Aarau,22
2019-06-29,1849,Prättigau/Davos,28
2019-06-29,314,Sursee,65
2019-06-29,250,Interlaken-Oberhasli,54
2019-06-29,1844,Imboden,30
2019-06-29,1108,Olten,21
2019-06-29,1903,Bremgarten,21
2019-06-29,246,Bern-Mittelland,88
2019-06-29,2102,Blenio,419
2019-06-29,1725,Sarganserland,27
2019-06-29,1303,Liestal,43
2019-06-29,107,Meilen,46
2019-06-29,4,Uri,564
2019-06-29,506,Schwyz,201
2019-06-29,1004,La Sarine,23
2019-06-29,1902,Baden,44
2019-06-29,111,Dietikon,38
2019-06-29,1848,Plessur,43
2019-06-29,2106,Mendrisio,16107
2019-06-29,-1,Other,589
2019-06-30,101,Affoltern,21
2019-06-30,1850,Surselva,87
2019-06-30,2104,Locarno,2637
2019-06-30,1724,Werdenberg,127
2019-06-30,25,Genève,47
2019-06-30,110,Winterthur,40
2019-06-30,1907,Lenzburg,25
2019-06-30,2301,Brig,32
2019-06-30,1847,Moesa,986
2019-06-30,2105,Lugano,29486
2019-06-30,106,Horgen,38
2019-06-30,1843,Engiadina Bassa/Val Müstair,33
2019-06-30,2103,Leventina,1699
2019-06-30,312,Luzern-Land,62
2019-06-30,1723,Rheintal,108
2019-06-30,2313,Visp,25
2019-06-30,1851,Viamala,154
2019-06-30,9,Zug,97
2019-06-30,109,Uster,27
2019-06-30,1842,Bernina,99
2019-06-30,2108,Vallemaggia,546
2019-06-30,2304,Goms,92
2019-06-30,105,Hinwil,21
2019-06-30,311,Luzern-Stadt,146
2019-06-30,1846,Maloja,263
2019-06-30,1301,Arlesheim,71
2019-06-30,2225,Lausanne,30
2019-06-30,1403,Schaffhausen,27
2019-06-30,12,Basel-Stadt,338
2019-06-30,313,Hochdorf,30
2019-06-30,7,Nidwalden,24
2019-06-30,103,Bülach,148
2019-06-30,1841,Albula,139
2019-06-30,2101,Bellinzona,2783
2019-06-30,2107,Riviera,436
2019-06-30,112,Zürich,441
2019-06-30,1845,Landquart,34
2019-06-30,314,Sursee,63
2019-06-30,250,Interlaken-Oberhasli,61
2019-06-30,1844,Imboden,27
2019-06-30,1108,Olten,41
2019-06-30,246,Bern-Mittelland,37
2019-06-30,2102,Blenio,843
2019-06-30,1725,Sarganserland,29
2019-06-30,1303,Liestal,56
2019-06-30,107,Meilen,32
2019-06-30,242,Biel/Bienne,28
2019-06-30,4,Uri,422
2019-06-30,506,Schwyz,210
2019-06-30,1004,La Sarine,29
2019-06-30,1848,Plessur,41
2019-06-30,2106,Mendrisio,15540
2019-06-30,-1,Other,616
2019-07-01,101,Affoltern,34
2019-07-01,2104,Locarno,3655
2019-07-01,1724,Werdenberg,99
2019-07-01,25,Genève,67
2019-07-01,110,Winterthur,22
2019-07-01,2301,Brig,26
2019-07-01,1847,Moesa,715
2019-07-01,2105,Lugano,48911
2019-07-01,106,Horgen,35
2019-07-01,2103,Leventina,886
2019-07-01,312,Luzern-Land,32
2019-07-01,1723,Rheintal,44
2019-07-01,2313,Visp,22
2019-07-01,1910,Zofingen,29
2019-07-01,1851,Viamala,86
2019-07-01,9,Zug,103
2019-07-01,109,Uster,34
2019-07-01,1842,Bernina,94
2019-07-01,2108,Vallemaggia,151
2019-07-01,2304,Goms,72
2019-07-01,311,Luzern-Stadt,110
2019-07-01,1846,Maloja,167
2019-07-01,1301,Arlesheim,47
2019-07-01,12,Basel-Stadt,242
2019-07-01,313,Hochdorf,28
2019-07-01,7,Nidwalden,25
2019-07-01,103,Bülach,167
2019-07-01,1841,Albula,29
2019-07-01,2101,Bellinzona,7512
2019-07-01,2107,Riviera,656
2019-07-01,112,Zürich,467
2019-07-01,1845,Landquart,39
2019-07-01,314,Sursee,34
2019-07-01,2013,Kreuzlingen,28
2019-07-01,250,Interlaken-Oberhasli,56
2019-07-01,104,Dielsdorf,21
2019-07-01,1108,Olten,30
2019-07-01,246,Bern-Mittelland,65
2019-07-01,2102,Blenio,322
2019-07-01,1725,Sarganserland,23
2019-07-01,1303,Liestal,48
2019-07-01,107,Meilen,32
2019-07-01,4,Uri,250
2019-07-01,506,Schwyz,212
2019-07-01,1902,Baden,21
2019-07-01,111,Dietikon,42
2019-07-01,1848,Plessur,33
2019-07-01,2106,Mendrisio,24103
2019-07-01,-1,Other,624
2019-07-02,101,Affoltern,25
2019-07-02,1850,Surselva,25
2019-07-02,2104,Locarno,3966
2019-07-02,1724,Werdenberg,93
2019-07-02,25,Genève,37
2019-07-02,1847,Moesa,691
2019-07-02,2105,Lugano,52365
2019-07-02,106,Horgen,34
2019-07-02,2103,Leventina,798
2019-07-02,312,Luzern-Land,60
2019-07-02,1723,Rheintal,52
2019-07-02,1910,Zofingen,23
2019-07-02,1851,Viamala,51
2019-07-02,9,Zug,127
2019-07-02,109,Uster,37
2019-07-02,1842,Bernina,74
2019-07-02,2108,Vallemaggia,163
2019-07-02,2304,Goms,56
2019-07-02,311,Luzern-Stadt,130
2019-07-02,1846,Maloja,93
2019-07-02,1301,Arlesheim,27
2019-07-02,12,Basel-Stadt,164
2019-07-02,313,Hochdorf,30
2019-07-02,7,Nidwalden,102
2019-07-02,103,Bülach,103
2019-07-02,2101,Bellinzona,8052
2019-07-02,2107,Riviera,732
2019-07-02,112,Zürich,507
2019-07-02,314,Sursee,42
2019-07-02,250,Interlaken-Oberhasli,51
2019-07-02,1108,Olten,32
2019-07-02,1721,St. Gallen,24
2019-07-02,246,Bern-Mittelland,90
2019-07-02,2102,Blenio,303
2019-07-02,1725,Sarganserland,22
2019-07-02,242,Biel/Bienne,27
2019-07-02,4,Uri,220
2019-07-02,506,Schwyz,171
2019-07-02,1848,Plessur,27
2019-07-02,2106,Mendrisio,24864
2019-07-02,-1,Other,685
2019-07-03,101,Affoltern,26
2019-07-03,1850,Surselva,24
2019-07-03,2104,Locarno,4243
2019-07-03,24,Neuchâtel,25
2019-07-03,1724,Werdenberg,111
2019-07-03,25,Genève,67
2019-07-03,110,Winterthur,27
2019-07-03,2301,Brig,33
2019-07-03,1847,Moesa,631
2019-07-03,2105,Lugano,52884
2019-07-03,106,Horgen,39
2019-07-03,2103,Leventina,810
2019-07-03,312,Luzern-Land,49
2019-07-03,1723,Rheintal,47
2019-07-03,1910,Zofingen,30
2019-07-03,1851,Viamala,67
2019-07-03,9,Zug,101
2019-07-03,109,Uster,24
2019-07-03,1842,Bernina,60
2019-07-03,2108,Vallemaggia,170
2019-07-03,2304,Goms,46
2019-07-03,311,Luzern-Stadt,106
2019-07-03,1846,Maloja,76
2019-07-03,1301,Arlesheim,41
2019-07-03,2225,Lausanne,30
2019-07-03,12,Basel-Stadt,188
2019-07-03,313,Hochdorf,24
2019-07-03,7,Nidwalden,30
2019-07-03,103,Bülach,135
2019-07-03,1841,Albula,31
2019-07-03,2101,Bellinzona,8296
2019-07-03,2107,Riviera,697
2019-07-03,112,Zürich,547
2019-07-03,314,Sursee,29
2019-07-03,250,Interlaken-Oberhasli,47
2019-07-03,104,Dielsdorf,33
2019-07-03,1108,Olten,31
2019-07-03,1721,St. Gallen,21
2019-07-03,1903,Bremgarten,36
2019-07-03,246,Bern-Mittelland,57
2019-07-03,2102,Blenio,291
2019-07-03,1725,Sarganserland,23
2019-07-03,1303,Liestal,27
2019-07-03,107,Meilen,36
2019-07-03,4,Uri,213
2019-07-03,506,Schwyz,166
2019-07-03,1902,Baden,35
2019-07-03,111,Dietikon,25
2019-07-03,1848,Plessur,31
2019-07-03,2106,Mendrisio,25288
2019-07-03,-1,Other,540
2019-07-04,101,Affoltern,36
2019-07-04,1850,Surselva,34
2019-07-04,2104,Locarno,4094
2019-07-04,24,Neuchâtel,27
2019-07-04,1724,Werdenberg,111
2019-07-04,25,Genève,71
2019-07-04,110,Winterthur,38
2019-07-04,1847,Moesa,656
2019-07-04,2105,Lugano,54936
2019-07-04,106,Horgen,62
2019-07-04,2103,Leventina,921
2019-07-04,312,Luzern-Land,77
2019-07-04,6,Obwalden,24
2019-07-04,1723,Rheintal,67
2019-07-04,2313,Visp,26
2019-07-04,1910,Zofingen,23
2019-07-04,1851,Viamala,64
2019-07-04,9,Zug,123
2019-07-04,109,Uster,42
2019-07-04,1842,Bernina,58
2019-07-04,2108,Vallemaggia,156
2019-07-04,2304,Goms,28
2019-07-04,311,Luzern-Stadt,151
2019-07-04,1846,Maloja,56
2019-07-04,1301,Arlesheim,43
2019-07-04,2225,Lausanne,32
2019-07-04,1403,Schaffhausen,21
2019-07-04,12,Basel-Stadt,229
2019-07-04,313,Hochdorf,38
2019-07-04,7,Nidwalden,38
2019-07-04,103,Bülach,180
2019-07-04,1841,Albula,29
2019-07-04,2101,Bellinzona,8757
2019-07-04,2107,Riviera,726
2019-07-04,112,Zürich,536
2019-07-04,1845,Landquart,28
2019-07-04,1901,Aarau,33
2019-07-04,314,Sursee,40
2019-07-04,250,Interlaken-Oberhasli,44
2019-07-04,1844,Imboden,23
2019-07-04,104,Dielsdorf,23
2019-07-04,1108,Olten,34
2019-07-04,1721,St. Gallen,23
2019-07-04,1903,Bremgarten,48
2019-07-04,246,Bern-Mittelland,74
2019-07-04,2102,Blenio,266
2019-07-04,315,Willisau,32
2019-07-04,1303,Liestal,30
2019-07-04,107,Meilen,51
2019-07-04,242,Biel/Bienne,21
2019-07-04,4,Uri,300
2019-07-04,506,Schwyz,233
2019-07-04,1004,La Sarine,24
2019-07-04,1902,Baden,61
2019-07-04,111,Dietikon,30
2019-07-04,1848,Plessur,26
2019-07-04,2106,Mendrisio,26145
2019-07-04,-1,Other,549
2019-07-05,101,Affoltern,42
2019-07-05,1850,Surselva,58
2019-07-05,2104,Locarno,4372
2019-07-05,1728,Wil,24
2019-07-05,24,Neuchâtel,32
2019-07-05,1724,Werdenberg,241
2019-07-05,25,Genève,66
2019-07-05,110,Winterthur,43
2019-07-05,1907,Lenzburg,23
2019-07-05,1847,Moesa,815
2019-07-05,2105,Lugano,54453
2019-07-05,106,Horgen,75
2019-07-05,2103,Leventina,1361
2019-07-05,312,Luzern-Land,94
2019-07-05,2011,Arbon,22
2019-07-05,6,Obwalden,32
2019-07-05,1723,Rheintal,116
2019-07-05,2015,Weinfelden,26
2019-07-05,1910,Zofingen,42
2019-07-05,1402,Reiat,21
2019-07-05,1851,Viamala,180
2019-07-05,9,Zug,172
2019-07-05,109,Uster,42
2019-07-05,1842,Bernina,97
2019-07-05,2108,Vallemaggia,209
2019-07-05,2304,Goms,57
2019-07-05,503,Höfe,27
2019-07-05,244,Oberaargau,24
2019-07-05,311,Luzern-Stadt,162
2019-07-05,1846,Maloja,83
2019-07-05,1301,Arlesheim,85
2019-07-05,2225,Lausanne,25
2019-07-05,1403,Schaffhausen,36
2019-07-05,12,Basel-Stadt,418
2019-07-05,313,Hochdorf,76
2019-07-05,7,Nidwalden,78
2019-07-05,1722,Rorschach,21
2019-07-05,103,Bülach,169
2019-07-05,1909,Rheinfelden,25
2019-07-05,2101,Bellinzona,7892
2019-07-05,1726,See-Gaster,41
2019-07-05,2107,Riviera,815
2019-07-05,112,Zürich,757
2019-07-05,1845,Landquart,57
2019-07-05,2012,Frauenfeld,21
2019-07-05,314,Sursee,80
2019-07-05,2013,Kreuzlingen,25
2019-07-05,250,Interlaken-Oberhasli,71
2019-07-05,1844,Imboden,28
2019-07-05,104,Dielsdorf,28
2019-07-05,1108,Olten,43
2019-07-05,1721,St. Gallen,30
2019-07-05,1903,Bremgarten,39
2019-07-05,246,Bern-Mittelland,148
2019-07-05,2102,Blenio,314
2019-07-05,315,Willisau,35
2019-07-05,1725,Sarganserland,77
2019-07-05,1303,Liestal,51
2019-07-05,107,Meilen,54
2019-07-05,242,Biel/Bienne,23
2019-07-05,4,Uri,758
2019-07-05,506,Schwyz,319
2019-07-05,1902,Baden,92
2019-07-05,111,Dietikon,58
2019-07-05,1848,Plessur,75
2019-07-05,2106,Mendrisio,24844
2019-07-05,-1,Other,686
2019-07-06,101,Affoltern,25
2019-07-06,1850,Surselva,46
2019-07-06,2104,Locarno,3075
2019-07-06,1728,Wil,28
2019-07-06,2227,Morges,28
2019-07-06,1724,Werdenberg,186
2019-07-06,25,Genève,48
2019-07-06,110,Winterthur,24
2019-07-06,2301,Brig,36
2019-07-06,1847,Moesa,625
2019-07-06,2105,Lugano,41366
2019-07-06,106,Horgen,46
2019-07-06,2103,Leventina,1161
2019-07-06,312,Luzern-Land,58
2019-07-06,2011,Arbon,31
2019-07-06,6,Obwalden,31
2019-07-06,1723,Rheintal,101
2019-07-06,2313,Visp,27
2019-07-06,1851,Viamala,172
2019-07-06,9,Zug,99
2019-07-06,1842,Bernina,50
2019-07-06,2108,Vallemaggia,273
2019-07-06,2304,Goms,83
2019-07-06,503,Höfe,23
2019-07-06,244,Oberaargau,21
2019-07-06,311,Luzern-Stadt,131
2019-07-06,1846,Maloja,159
2019-07-06,1301,Arlesheim,75
2019-07-06,2225,Lausanne,43
2019-07-06,12,Basel-Stadt,404
2019-07-06,313,Hochdorf,48
2019-07-06,7,Nidwalden,33
2019-07-06,103,Bülach,115
2019-07-06,1841,Albula,24
2019-07-06,2101,Bellinzona,4736
2019-07-06,1726,See-Gaster,22
2019-07-06,2107,Riviera,510
2019-07-06,112,Zürich,523
2019-07-06,1845,Landquart,54
2019-07-06,1901,Aarau,30
2019-07-06,314,Sursee,66
2019-07-06,2013,Kreuzlingen,23
2019-07-06,250,Interlaken-Oberhasli,58
2019-07-06,1844,Imboden,30
2019-07-06,1108,Olten,48
2019-07-06,1721,St. Gallen,38
2019-07-06,1903,Bremgarten,35
2019-07-06,246,Bern-Mittelland,84
2019-07-06,2102,Blenio,460
2019-07-06,1725,Sarganserland,60
2019-07-06,1303,Liestal,46
2019-07-06,107,Meilen,24
2019-07-06,4,Uri,671
2019-07-06,506,Schwyz,227
2019-07-06,1902,Baden,42
2019-07-06,111,Dietikon,27
2019-07-06,1848,Plessur,71
2019-07-06,2106,Mendrisio,17581
2019-07-06,-1,Other,610
2019-07-07,101,Affoltern,25
2019-07-07,1850,Surselva,63
2019-07-07,2104,Locarno,2527
2019-07-07,24,Neuchâtel,23
2019-07-07,1724,Werdenberg,203
2019-07-07,1904,Brugg,26
2019-07-07,25,Genève,27
2019-07-07,110,Winterthur,53
2019-07-07,1847,Moesa,776
2019-07-07,2105,Lugano,30704
2019-07-07,106,Horgen,56
2019-07-07,2103,Leventina,1468
2019-07-07,312,Luzern-Land,70
2019-07-07,6,Obwalden,41
2019-07-07,1723,Rheintal,100
2019-07-07,1910,Zofingen,22
2019-07-07,1851,Viamala,174
2019-07-07,9,Zug,146
2019-07-07,109,Uster,41
2019-07-07,1842,Bernina,124
2019-07-07,2108,Vallemaggia,417
2019-07-07,2304,Goms,79
2019-07-07,311,Luzern-Stadt,187
2019-07-07,1846,Maloja,299
2019-07-07,1301,Arlesheim,68
2019-07-07,12,Basel-Stadt,372
2019-07-07,313,Hochdorf,60
2019-07-07,7,Nidwalden,49
2019-07-07,103,Bülach,152
2019-07-07,1841,Albula,99
2019-07-07,2101,Bellinzona,2872
2019-07-07,2303,Entremont,32
2019-07-07,1304,Sissach,24
2019-07-07,2107,Riviera,357
2019-07-07,112,Zürich,647
2019-07-07,1845,Landquart,39
2019-07-07,2012,Frauenfeld,22
2019-07-07,314,Sursee,63
2019-07-07,250,Interlaken-Oberhasli,67
2019-07-07,1844,Imboden,23
2019-07-07,1108,Olten,49
2019-07-07,1721,St. Gallen,21
2019-07-07,246,Bern-Mittelland,60
2019-07-07,2102,Blenio,645
2019-07-07,1725,Sarganserland,23
2019-07-07,1303,Liestal,46
2019-07-07,107,Meilen,30
2019-07-07,4,Uri,558
2019-07-07,506,Schwyz,252
2019-07-07,1004,La Sarine,25
2019-07-07,1902,Baden,50
2019-07-07,111,Dietikon,29
2019-07-07,1848,Plessur,142
2019-07-07,2106,Mendrisio,15135
2019-07-07,-1,Other,689
2019-07-08,101,Affoltern,41
2019-07-08,1850,Surselva,36
2019-07-08,2104,Locarno,3692
2019-07-08,24,Neuchâtel,21
2019-07-08,1724,Werdenberg,108
2019-07-08,25,Genève,39
2019-07-08,110,Winterthur,39
2019-07-08,1847,Moesa,697
2019-07-08,2105,Lugano,50127
2019-07-08,106,Horgen,80
2019-07-08,2103,Leventina,1011
2019-07-08,312,Luzern-Land,68
2019-07-08,6,Obwalden,34
2019-07-08,1723,Rheintal,49
2019-07-08,2313,Visp,21
2019-07-08,1851,Viamala,116
2019-07-08,9,Zug,129
2019-07-08,109,Uster,31
2019-07-08,1842,Bernina,77
2019-07-08,2108,Vallemaggia,209
2019-07-08,2304,Goms,39
2019-07-08,503,Höfe,22
2019-07-08,105,Hinwil,38
2019-07-08,311,Luzern-Stadt,114
2019-07-08,1846,Maloja,169
2019-07-08,1301,Arlesheim,49
2019-07-08,2225,Lausanne,22
2019-07-08,1403,Schaffhausen,32
2019-07-08,12,Basel-Stadt,277
2019-07-08,313,Hochdorf,49
2019-07-08,7,Nidwalden,23
2019-07-08,245,Emmental,28
2019-07-08,103,Bülach,115
2019-07-08,1841,Albula,93
2019-07-08,2101,Bellinzona,7773
2019-07-08,2107,Riviera,673
2019-07-08,112,Zürich,579
2019-07-08,1845,Landquart,21
2019-07-08,1901,Aarau,25
2019-07-08,314,Sursee,55
2019-07-08,250,Interlaken-Oberhasli,42
2019-07-08,1844,Imboden,74
2019-07-08,1108,Olten,33
2019-07-08,1721,St. Gallen,26
2019-07-08,1903,Bremgarten,26
2019-07-08,246,Bern-Mittelland,95
2019-07-08,2102,Blenio,344
2019-07-08,1725,Sarganserland,32
2019-07-08,1303,Liestal,37
2019-07-08,107,Meilen,39
2019-07-08,4,Uri,446
2019-07-08,506,Schwyz,201
2019-07-08,1902,Baden,33
2019-07-08,111,Dietikon,46
2019-07-08,2106,Mendrisio,24426
2019-07-08,-1,Other,589
2019-07-09,101,Affoltern,24
2019-07-09,1850,Surselva,26
2019-07-09,2104,Locarno,4007
2019-07-09,1724,Werdenberg,103
2019-07-09,25,Genève,43
2019-07-09,2301,Brig,30
2019-07-09,1847,Moesa,611
2019-07-09,2105,Lugano,51166
2019-07-09,106,Horgen,35
2019-07-09,2103,Leventina,822
2019-07-09,312,Luzern-Land,54
2019-07-09,6,Obwalden,28
2019-07-09,1723,Rheintal,55
2019-07-09,2313,Visp,38
2019-07-09,1851,Viamala,86
2019-07-09,9,Zug,99
2019-07-09,1842,Bernina,45
2019-07-09,2108,Vallemaggia,161
2019-07-09,2304,Goms,43
2019-07-09,311,Luzern-Stadt,133
2019-07-09,1846,Maloja,71
2019-07-09,1301,Arlesheim,55
2019-07-09,2225,Lausanne,31
2019-07-09,12,Basel-Stadt,198
2019-07-09,7,Nidwalden,61
2019-07-09,103,Bülach,122
2019-07-09,1841,Albula,31
2019-07-09,2101,Bellinzona,8065
2019-07-09,2107,Riviera,686
2019-07-09,112,Zürich,519
2019-07-09,1845,Landquart,32
2019-07-09,1849,Prättigau/Davos,24
2019-07-09,314,Sursee,50
2019-07-09,250,Interlaken-Oberhasli,41
2019-07-09,1108,Olten,36
2019-07-09,1721,St. Gallen,25
2019-07-09,1903,Bremgarten,34
2019-07-09,246,Bern-Mittelland,48
2019-07-09,2102,Blenio,302
2019-07-09,315,Willisau,90
2019-07-09,1725,Sarganserland,44
2019-07-09,107,Meilen,31
2019-07-09,4,Uri,248
2019-07-09,506,Schwyz,140
2019-07-09,1902,Baden,32
2019-07-09,111,Dietikon,26
2019-07-09,2106,Mendrisio,24601
2019-07-09,-1,Other,659
2019-07-10,1850,Surselva,22
2019-07-10,2104,Locarno,3924
2019-07-10,1724,Werdenberg,90
2019-07-10,25,Genève,60
2019-07-10,110,Winterthur,39
2019-07-10,2301,Brig,23
2019-07-10,1847,Moesa,598
2019-07-10,2105,Lugano,49202
2019-07-10,106,Horgen,68
2019-07-10,2103,Leventina,880
2019-07-10,312,Luzern-Land,73
2019-07-10,1723,Rheintal,38
2019-07-10,2313,Visp,45
2019-07-10,1851,Viamala,74
2019-07-10,9,Zug,174
2019-07-10,109,Uster,62
2019-07-10,1842,Bernina,57
2019-07-10,2108,Vallemaggia,215
2019-07-10,2304,Goms,36
2019-07-10,311,Luzern-Stadt,147
2019-07-10,1846,Maloja,78
2019-07-10,1301,Arlesheim,25
2019-07-10,12,Basel-Stadt,195
2019-07-10,313,Hochdorf,33
2019-07-10,7,Nidwalden,39
2019-07-10,103,Bülach,139
2019-07-10,1841,Albula,29
2019-07-10,2101,Bellinzona,7772
2019-07-10,2107,Riviera,644
2019-07-10,112,Zürich,523
2019-07-10,1845,Landquart,31
2019-07-10,1901,Aarau,33
2019-07-10,314,Sursee,57
2019-07-10,250,Interlaken-Oberhasli,47
2019-07-10,1108,Olten,34
2019-07-10,1721,St. Gallen,24
2019-07-10,1903,Bremgarten,41
2019-07-10,246,Bern-Mittelland,74
2019-07-10,2102,Blenio,331
2019-07-10,315,Willisau,22
2019-07-10,1725,Sarganserland,34
2019-07-10,1303,Liestal,35
2019-07-10,107,Meilen,31
2019-07-10,4,Uri,273
2019-07-10,506,Schwyz,173
2019-07-10,1902,Baden,36
2019-07-10,111,Dietikon,65
2019-07-10,1848,Plessur,38
2019-07-10,2106,Mendrisio,24018
2019-07-10,-1,Other,703
2019-07-11,101,Affoltern,36
2019-07-11,1850,Surselva,47
2019-07-11,2104,Locarno,3804
2019-07-11,1724,Werdenberg,166
2019-07-11,25,Genève,39
2019-07-11,110,Winterthur,33
2019-07-11,2301,Brig,36
2019-07-11,1847,Moesa,583
2019-07-11,2105,Lugano,45450
2019-07-11,106,Horgen,64
2019-07-11,2103,Leventina,867
2019-07-11,312,Luzern-Land,52
2019-07-11,2011,Arbon,21
2019-07-11,6,Obwalden,28
2019-07-11,1723,Rheintal,39
2019-07-11,1910,Zofingen,26
2019-07-11,1106,Wasseramt,25
2019-07-11,1851,Viamala,62
2019-07-11,9,Zug,143
2019-07-11,109,Uster,33
2019-07-11,1842,Bernina,70
2019-07-11,2108,Vallemaggia,138
2019-07-11,2304,Goms,64
2019-07-11,311,Luzern-Stadt,122
2019-07-11,1846,Maloja,96
2019-07-11,1301,Arlesheim,35
2019-07-11,1403,Schaffhausen,24
2019-07-11,12,Basel-Stadt,243
2019-07-11,313,Hochdorf,44
2019-07-11,7,Nidwalden,55
2019-07-11,103,Bülach,138
2019-07-11,1841,Albula,52
2019-07-11,2101,Bellinzona,7592
2019-07-11,2107,Riviera,687
2019-07-11,112,Zürich,640
2019-07-11,1845,Landquart,42
2019-07-11,1901,Aarau,21
2019-07-11,314,Sursee,53
2019-07-11,250,Interlaken-Oberhasli,72
2019-07-11,1844,Imboden,22
2019-07-11,1108,Olten,46
2019-07-11,1721,St. Gallen,28
2019-07-11,1903,Bremgarten,32
2019-07-11,246,Bern-Mittelland,109
2019-07-11,2102,Blenio,308
2019-07-11,1725,Sarganserland,31
2019-07-11,1303,Liestal,39
2019-07-11,107,Meilen,27
2019-07-11,4,Uri,582
2019-07-11,506,Schwyz,202
2019-07-11,1902,Baden,57
2019-07-11,111,Dietikon,40
2019-07-11,1848,Plessur,38
2019-07-11,2106,Mendrisio,22982
2019-07-11,-1,Other,656
2019-07-12,101,Affoltern,49
2019-07-12,1850,Surselva,57
2019-07-12,2104,Locarno,3731
2019-07-12,1728,Wil,33
2019-07-12,24,Neuchâtel,21
2019-07-12,1724,Werdenberg,232
2019-07-12,25,Genève,51
2019-07-12,110,Winterthur,54
2019-07-12,1907,Lenzburg,24
2019-07-12,1847,Moesa,583
2019-07-12,2105,Lugano,44012
2019-07-12,106,Horgen,106
2019-07-12,2103,Leventina,1101
2019-07-12,312,Luzern-Land,55
2019-07-12,2011,Arbon,22
2019-07-12,6,Obwalden,35
2019-07-12,1723,Rheintal,106
2019-07-12,1910,Zofingen,29
2019-07-12,1851,Viamala,146
2019-07-12,9,Zug,178
2019-07-12,109,Uster,63
2019-07-12,2312,Sion,25
2019-07-12,1842,Bernina,65
2019-07-12,2108,Vallemaggia,180
2019-07-12,2304,Goms,72
2019-07-12,503,Höfe,41
2019-07-12,105,Hinwil,27
2019-07-12,244,Oberaargau,27
2019-07-12,311,Luzern-Stadt,149
2019-07-12,1846,Maloja,79
2019-07-12,1301,Arlesheim,78
2019-07-12,2225,Lausanne,26
2019-07-12,1403,Schaffhausen,43
2019-07-12,12,Basel-Stadt,415
2019-07-12,313,Hochdorf,64
2019-07-12,7,Nidwalden,45
2019-07-12,1722,Rorschach,25
2019-07-12,103,Bülach,178
2019-07-12,1909,Rheinfelden,25
2019-07-12,1841,Albula,24
2019-07-12,2101,Bellinzona,7076
2019-07-12,1726,See-Gaster,31
2019-07-12,505,March,27
2019-07-12,1304,Sissach,25
2019-07-12,2107,Riviera,661
2019-07-12,112,Zürich,871
2019-07-12,1845,Landquart,92
2019-07-12,1901,Aarau,28
2019-07-12,1849,Prättigau/Davos,21
2019-07-12,314,Sursee,74
2019-07-12,2013,Kreuzlingen,24
2019-07-12,250,Interlaken-Oberhasli,59
2019-07-12,1844,Imboden,23
2019-07-12,104,Dielsdorf,28
2019-07-12,1108,Olten,29
2019-07-12,1721,St. Gallen,67
2019-07-12,1903,Bremgarten,43
2019-07-12,246,Bern-Mittelland,113
2019-07-12,1908,Muri,25
2019-07-12,2102,Blenio,279
2019-07-12,315,Willisau,23
2019-07-12,1725,Sarganserland,57
2019-07-12,1303,Liestal,57
2019-07-12,107,Meilen,63
2019-07-12,242,Biel/Bienne,35
2019-07-12,4,Uri,875
2019-07-12,506,Schwyz,357
2019-07-12,1902,Baden,71
2019-07-12,111,Dietikon,54
2019-07-12,1848,Plessur,76
2019-07-12,2106,Mendrisio,21423
2019-07-12,-1,Other,531
2019-07-13,101,Affoltern,33
2019-07-13,1850,Surselva,52
2019-07-13,2104,Locarno,2994
2019-07-13,1728,Wil,41
2019-07-13,1724,Werdenberg,180
2019-07-13,25,Genève,26
2019-07-13,110,Winterthur,50
2019-07-13,1907,Lenzburg,24
2019-07-13,2301,Brig,27
2019-07-13,1847,Moesa,631
2019-07-13,2105,Lugano,34805
2019-07-13,106,Horgen,129
2019-07-13,2103,Leventina,1080
2019-07-13,312,Luzern-Land,58
2019-07-13,2011,Arbon,25
2019-07-13,6,Obwalden,30
2019-07-13,1723,Rheintal,94
2019-07-13,2313,Visp,35
2019-07-13,1910,Zofingen,33
2019-07-13,1851,Viamala,224
2019-07-13,9,Zug,199
2019-07-13,109,Uster,57
2019-07-13,1842,Bernina,83
2019-07-13,2108,Vallemaggia,212
2019-07-13,2304,Goms,96
2019-07-13,105,Hinwil,28
2019-07-13,244,Oberaargau,33
2019-07-13,311,Luzern-Stadt,144
2019-07-13,1846,Maloja,124
2019-07-13,1906,Laufenburg,25
2019-07-13,1301,Arlesheim,85
2019-07-13,1403,Schaffhausen,34
2019-07-13,12,Basel-Stadt,390
2019-07-13,313,Hochdorf,30
2019-07-13,7,Nidwalden,45
2019-07-13,103,Bülach,148
2019-07-13,1909,Rheinfelden,23
2019-07-13,1841,Albula,43
2019-07-13,2101,Bellinzona,4322
2019-07-13,1726,See-Gaster,36
2019-07-13,505,March,26
2019-07-13,2107,Riviera,421
2019-07-13,112,Zürich,788
2019-07-13,1845,Landquart,61
2019-07-13,2012,Frauenfeld,24
2019-07-13,1901,Aarau,34
2019-07-13,1849,Prättigau/Davos,26
2019-07-13,314,Sursee,66
2019-07-13,250,Interlaken-Oberhasli,53
2019-07-13,1844,Imboden,50
2019-07-13,104,Dielsdorf,41
2019-07-13,1108,Olten,49
2019-07-13,1721,St. Gallen,44
2019-07-13,1903,Bremgarten,63
2019-07-13,246,Bern-Mittelland,69
2019-07-13,1908,Muri,31
2019-07-13,2102,Blenio,308
2019-07-13,315,Willisau,21
2019-07-13,1725,Sarganserland,60
2019-07-13,1303,Liestal,52
2019-07-13,107,Meilen,83
2019-07-13,4,Uri,769
2019-07-13,506,Schwyz,271
2019-07-13,1004,La Sarine,49
2019-07-13,1902,Baden,51
2019-07-13,111,Dietikon,54
2019-07-13,1848,Plessur,67
2019-07-13,2106,Mendrisio,15673
2019-07-13,-1,Other,570
2019-07-14,101,Affoltern,33
2019-07-14,1850,Surselva,37
2019-07-14,2104,Locarno,2930
2019-07-14,247,Thun,24
2019-07-14,1724,Werdenberg,174
2019-07-14,25,Genève,50
2019-07-14,110,Winterthur,62
2019-07-14,1907,Lenzburg,25
2019-07-14,2301,Brig,28
2019-07-14,1847,Moesa,794
2019-07-14,2105,Lugano,25992
2019-07-14,106,Horgen,52
2019-07-14,2103,Leventina,1307
2019-07-14,312,Luzern-Land,62
2019-07-14,6,Obwalden,23
2019-07-14,1723,Rheintal,74
2019-07-14,2313,Visp,25
2019-07-14,1851,Viamala,173
2019-07-14,9,Zug,111
2019-07-14,109,Uster,24
2019-07-14,1842,Bernina,105
2019-07-14,2108,Vallemaggia,391
2019-07-14,2304,Goms,84
2019-07-14,311,Luzern-Stadt,126
2019-07-14,1846,Maloja,220
2019-07-14,1301,Arlesheim,67
2019-07-14,1403,Schaffhausen,30
2019-07-14,12,Basel-Stadt,340
2019-07-14,313,Hochdorf,40
2019-07-14,2311,Sierre,22
2019-07-14,7,Nidwalden,35
2019-07-14,103,Bülach,104
2019-07-14,1841,Albula,67
2019-07-14,2101,Bellinzona,2656
2019-07-14,2107,Riviera,349
2019-07-14,112,Zürich,415
2019-07-14,1845,Landquart,52
2019-07-14,2012,Frauenfeld,35
2019-07-14,1849,Prättigau/Davos,26
2019-07-14,314,Sursee,62
2019-07-14,250,Interlaken-Oberhasli,70
2019-07-14,1844,Imboden,34
2019-07-14,104,Dielsdorf,30
2019-07-14,1108,Olten,23
2019-07-14,1721,St. Gallen,24
2019-07-14,8,Glarus,25
2019-07-14,246,Bern-Mittelland,40
2019-07-14,2102,Blenio,670
2019-07-14,1725,Sarganserland,35
2019-07-14,1303,Liestal,43
2019-07-14,107,Meilen,33
2019-07-14,4,Uri,589
2019-07-14,506,Schwyz,186
2019-07-14,111,Dietikon,38
2019-07-14,1848,Plessur,58
2019-07-14,2106,Mendrisio,14924
2019-07-14,-1,Other,654
