Date,Total,Transport Mode: Train,Transport Mode: Road,Transport Mode: Highway,Reason: Commute,Reason: Non-commute
2019-05-27T00:00:00,1008,30,281,696,52,956
2019-05-27T01:00:00,440,<20,117,314,<20,419
2019-05-27T02:00:00,342,<20,71,263,<20,324
2019-05-27T03:00:00,374,<20,94,277,48,325
2019-05-27T04:00:00,720,<20,199,508,129,590
2019-05-27T05:00:00,2494,161,773,1558,697,1796
2019-05-27T06:00:00,5834,359,2202,3272,2160,3673
2019-05-27T07:00:00,7352,482,3116,3753,3122,4229
2019-05-27T08:00:00,6044,549,2282,3212,1847,4196
2019-05-27T09:00:00,5623,492,2226,2905,1037,4585
2019-05-27T10:00:00,5512,331,2100,3081,764,4748
2019-05-27T11:00:00,5905,520,2220,3164,741,5163
2019-05-27T12:00:00,5164,273,2090,2801,887,4277
2019-05-27T13:00:00,5716,312,2361,3041,931,4784
2019-05-27T14:00:00,5878,445,2222,3211,907,4971
2019-05-27T15:00:00,6158,353,2509,3296,1077,5081
2019-05-27T16:00:00,7460,530,3122,3807,1821,5639
2019-05-27T17:00:00,6929,547,3023,3359,2289,4640
2019-05-27T18:00:00,5507,422,2579,2504,1793,3714
2019-05-27T19:00:00,3706,383,1680,1641,824,2881
2019-05-27T20:00:00,2370,158,1089,1122,329,2041
2019-05-27T21:00:00,1721,148,778,793,202,1518
2019-05-27T22:00:00,1357,74,668,614,137,1219
2019-05-27T23:00:00,729,73,346,310,47,681
2019-05-28T00:00:00,538,74,179,284,32,506
2019-05-28T01:00:00,342,43,91,207,23,319
2019-05-28T02:00:00,223,<20,61,152,<20,206
2019-05-28T03:00:00,277,23,56,196,39,237
2019-05-28T04:00:00,532,21,164,346,103,428
2019-05-28T05:00:00,2085,159,684,1241,610,1474
2019-05-28T06:00:00,5377,292,2158,2926,2047,3330
2019-05-28T07:00:00,7081,501,3043,3536,3040,4040
2019-05-28T08:00:00,5695,410,2267,3017,1760,3935
2019-05-28T09:00:00,5718,471,2211,3036,946,4772
2019-05-28T10:00:00,5316,281,2186,2848,779,4537
2019-05-28T11:00:00,5605,502,2237,2865,692,4913
2019-05-28T12:00:00,5110,332,2138,2640,862,4247
2019-05-28T13:00:00,5642,340,2382,2919,918,4724
2019-05-28T14:00:00,5415,371,2395,2649,810,4605
2019-05-28T15:00:00,5773,354,2588,2830,1086,4686
2019-05-28T16:00:00,7478,548,3017,3912,1812,5665
2019-05-28T17:00:00,6902,537,3048,3317,2158,4743
2019-05-28T18:00:00,6064,427,2682,2955,1729,4335
2019-05-28T19:00:00,4869,397,2019,2451,999,3869
2019-05-28T20:00:00,3051,165,1153,1732,420,2630
2019-05-28T21:00:00,2521,221,1026,1273,245,2276
2019-05-28T22:00:00,1833,57,817,957,176,1656
2019-05-28T23:00:00,1054,85,406,561,74,979
2019-05-29T00:00:00,582,55,203,323,33,548
2019-05-29T01:00:00,479,33,99,347,<20,459
2019-05-29T02:00:00,425,24,82,317,<20,404
2019-05-29T03:00:00,440,<20,87,345,53,386
2019-05-29T04:00:00,870,26,223,620,129,741
2019-05-29T05:00:00,2395,143,750,1500,566,1828
2019-05-29T06:00:00,5806,286,2212,3307,2020,3785
2019-05-29T07:00:00,7672,478,3144,4050,2927,4745
2019-05-29T08:00:00,6223,432,2379,3410,1504,4718
2019-05-29T09:00:00,6381,529,2403,3447,1002,5378
2019-05-29T10:00:00,6312,289,2580,3442,748,5564
2019-05-29T11:00:00,6905,658,2733,3512,849,6055
2019-05-29T12:00:00,6656,349,2701,3605,1109,5546
2019-05-29T13:00:00,6661,407,2818,3435,1015,5646
2019-05-29T14:00:00,7247,520,3109,3617,1033,6214
2019-05-29T15:00:00,8146,615,3122,4408,1358,6787
2019-05-29T16:00:00,7811,426,3537,3847,1772,6039
2019-05-29T17:00:00,8474,1092,3515,3865,2216,6257
2019-05-29T18:00:00,6887,663,2901,3322,1507,5380
2019-05-29T19:00:00,6795,474,2958,3362,1050,5744
2019-05-29T20:00:00,4991,248,2042,2699,482,4508
2019-05-29T21:00:00,3998,173,1745,2079,418,3579
2019-05-29T22:00:00,4131,445,1537,2148,292,3838
2019-05-29T23:00:00,2664,109,912,1642,156,2507
2019-05-30T00:00:00,2291,94,571,1625,53,2237
2019-05-30T01:00:00,1668,42,457,1168,32,1636
2019-05-30T02:00:00,1460,24,245,1190,39,1421
2019-05-30T03:00:00,1755,35,257,1463,60,1695
2019-05-30T04:00:00,1850,22,312,1515,68,1782
2019-05-30T05:00:00,2763,83,432,2247,108,2655
2019-05-30T06:00:00,3688,116,770,2802,201,3487
2019-05-30T07:00:00,4412,152,1368,2891,228,4184
2019-05-30T08:00:00,6737,659,2224,3853,340,6396
2019-05-30T09:00:00,8631,914,3117,4599,338,8292
2019-05-30T10:00:00,9077,477,3697,4902,326,8751
2019-05-30T11:00:00,9408,979,4037,4391,313,9094
2019-05-30T12:00:00,7939,511,3664,3763,283,7655
2019-05-30T13:00:00,7975,909,3531,3534,317,7658
2019-05-30T14:00:00,8219,518,3975,3725,281,7938
2019-05-30T15:00:00,7821,583,3815,3422,301,7519
2019-05-30T16:00:00,7314,402,3682,3229,302,7012
2019-05-30T17:00:00,6518,453,3243,2821,262,6256
2019-05-30T18:00:00,5578,343,2961,2273,256,5322
2019-05-30T19:00:00,4604,229,1998,2376,266,4337
2019-05-30T20:00:00,3203,268,1427,1507,156,3047
2019-05-30T21:00:00,2716,139,1321,1256,159,2556
2019-05-30T22:00:00,1917,117,952,846,86,1830
2019-05-30T23:00:00,1076,48,439,588,41,1035
2019-05-31T00:00:00,781,52,291,437,36,744
2019-05-31T01:00:00,528,46,138,343,28,499
2019-05-31T02:00:00,390,<20,83,296,<20,378
2019-05-31T03:00:00,527,<20,76,437,39,487
2019-05-31T04:00:00,780,21,163,596,84,696
2019-05-31T05:00:00,1832,100,499,1233,368,1464
2019-05-31T06:00:00,4083,201,1531,2350,1306,2776
2019-05-31T07:00:00,5862,303,2548,3010,2072,3790
2019-05-31T08:00:00,5633,373,2410,2848,1149,4483
2019-05-31T09:00:00,6577,438,2804,3333,776,5800
2019-05-31T10:00:00,7766,355,3555,3855,658,7107
2019-05-31T11:00:00,7706,601,3493,3612,673,7032
2019-05-31T12:00:00,7079,349,3230,3499,755,6323
2019-05-31T13:00:00,7493,478,3286,3727,751,6741
2019-05-31T14:00:00,7670,547,3465,3657,713,6956
2019-05-31T15:00:00,8081,480,3699,3901,988,7093
2019-05-31T16:00:00,8044,431,3769,3844,1331,6713
2019-05-31T17:00:00,7672,585,3710,3376,1527,6145
2019-05-31T18:00:00,6139,392,2989,2757,989,5150
2019-05-31T19:00:00,5226,488,2355,2382,727,4499
2019-05-31T20:00:00,3574,249,1644,1680,270,3303
2019-05-31T21:00:00,3121,239,1372,1509,222,2899
2019-05-31T22:00:00,2601,95,1158,1348,197,2404
2019-05-31T23:00:00,1543,89,626,827,70,1473
2019-06-01T00:00:00,1378,80,511,786,48,1329
2019-06-01T01:00:00,927,59,288,579,50,877
2019-06-01T02:00:00,640,<20,207,421,40,600
2019-06-01T03:00:00,617,36,127,453,39,577
2019-06-01T04:00:00,846,<20,157,681,56,790
2019-06-01T05:00:00,1378,74,282,1022,139,1239
2019-06-01T06:00:00,2260,90,664,1506,263,1997
2019-06-01T07:00:00,3790,119,1372,2298,381,3408
2019-06-01T08:00:00,6244,353,2528,3362,375,5868
2019-06-01T09:00:00,7711,486,3330,3894,395,7315
2019-06-01T10:00:00,8904,366,4121,4417,342,8562
2019-06-01T11:00:00,9345,617,4278,4448,410,8935
2019-06-01T12:00:00,8998,463,3853,4680,394,8604
2019-06-01T13:00:00,8495,332,3885,4277,359,8136
2019-06-01T14:00:00,9167,668,4165,4332,377,8790
2019-06-01T15:00:00,8151,328,3776,4046,308,7842
2019-06-01T16:00:00,7728,575,3578,3574,369,7358
2019-06-01T17:00:00,6919,381,3335,3202,408,6510
2019-06-01T18:00:00,6542,504,3097,2940,315,6227
2019-06-01T19:00:00,5258,449,2434,2375,289,4968
2019-06-01T20:00:00,3792,330,1564,1896,172,3619
2019-06-01T21:00:00,3146,137,1285,1723,134,3011
2019-06-01T22:00:00,2988,85,1291,1611,119,2868
2019-06-01T23:00:00,2096,78,894,1123,84,2012
2019-06-02T00:00:00,2109,58,741,1310,69,2040
2019-06-02T01:00:00,1744,36,520,1187,45,1699
2019-06-02T02:00:00,935,39,235,659,36,898
2019-06-02T03:00:00,786,<20,154,622,<20,769
2019-06-02T04:00:00,867,<20,186,667,26,841
2019-06-02T05:00:00,1009,50,187,771,68,941
2019-06-02T06:00:00,1926,102,466,1357,115,1811
2019-06-02T07:00:00,2931,160,791,1979,176,2755
2019-06-02T08:00:00,5152,341,1746,3064,182,4970
2019-06-02T09:00:00,7531,317,2918,4294,228,7303
2019-06-02T10:00:00,6373,459,3202,2711,175,6198
2019-06-02T11:00:00,12191,727,4755,6708,325,11866
2019-06-02T12:00:00,9374,589,3268,5516,218,9156
2019-06-02T13:00:00,8702,398,2996,5307,234,8467
2019-06-02T14:00:00,7987,1017,2746,4223,232,7754
2019-06-02T15:00:00,9379,689,3824,4865,305,9074
2019-06-02T16:00:00,10776,1208,3440,6126,307,10468
2019-06-02T17:00:00,10217,655,3449,6112,261,9955
2019-06-02T18:00:00,7762,418,3365,3978,301,7460
2019-06-02T19:00:00,6401,754,2499,3147,240,6161
2019-06-02T20:00:00,5821,1221,1739,2859,187,5633
2019-06-02T21:00:00,4159,218,1430,2509,136,4022
2019-06-02T22:00:00,3249,104,1273,1870,116,3133
2019-06-02T23:00:00,2032,31,459,1541,56,1975
2019-06-03T00:00:00,1653,97,424,1131,52,1600
2019-06-03T01:00:00,1210,<20,296,905,40,1170
2019-06-03T02:00:00,595,<20,140,444,42,553
2019-06-03T03:00:00,644,<20,111,522,56,588
2019-06-03T04:00:00,1020,23,221,775,186,834
2019-06-03T05:00:00,2976,174,783,2018,771,2204
2019-06-03T06:00:00,6020,305,2329,3385,2217,3803
2019-06-03T07:00:00,7569,533,3211,3824,3176,4393
2019-06-03T08:00:00,6233,539,2479,3214,1722,4511
2019-06-03T09:00:00,6213,443,2335,3434,1078,5134
2019-06-03T10:00:00,6119,372,2410,3336,813,5305
2019-06-03T11:00:00,6649,596,2497,3555,817,5831
2019-06-03T12:00:00,6000,401,2303,3295,850,5150
2019-06-03T13:00:00,6432,324,2664,3443,954,5477
2019-06-03T14:00:00,6654,510,2666,3477,838,5816
2019-06-03T15:00:00,6909,386,2792,3729,1119,5790
2019-06-03T16:00:00,7960,561,3220,4178,1786,6174
2019-06-03T17:00:00,7672,489,3587,3594,2357,5315
2019-06-03T18:00:00,5799,492,2710,2596,1786,4012
2019-06-03T19:00:00,4125,403,1738,1983,800,3324
2019-06-03T20:00:00,2778,205,1221,1351,399,2379
2019-06-03T21:00:00,1930,126,907,897,190,1740
2019-06-03T22:00:00,1608,80,794,733,167,1440
2019-06-03T23:00:00,766,69,344,352,81,684
2019-06-04T00:00:00,526,49,212,264,55,470
2019-06-04T01:00:00,370,55,109,204,32,337
2019-06-04T02:00:00,257,<20,76,171,27,229
2019-06-04T03:00:00,341,<20,87,238,42,298
2019-06-04T04:00:00,554,28,177,347,121,432
2019-06-04T05:00:00,2116,150,708,1257,612,1504
2019-06-04T06:00:00,5567,340,2250,2975,2020,3546
2019-06-04T07:00:00,7103,427,3131,3544,2890,4212
2019-06-04T08:00:00,5653,338,2354,2959,1587,4065
2019-06-04T09:00:00,5851,423,2440,2987,1031,4819
2019-06-04T10:00:00,5427,293,2297,2837,731,4696
2019-06-04T11:00:00,5846,492,2587,2765,793,5052
2019-06-04T12:00:00,4957,275,2181,2500,930,4027
2019-06-04T13:00:00,5140,293,2432,2414,872,4267
2019-06-04T14:00:00,5945,361,2535,3049,901,5044
2019-06-04T15:00:00,6133,334,2647,3151,992,5140
2019-06-04T16:00:00,7427,488,3290,3648,1806,5621
2019-06-04T17:00:00,7226,482,3430,3313,2320,4905
2019-06-04T18:00:00,5838,427,2801,2609,1701,4137
2019-06-04T19:00:00,4229,348,2054,1825,929,3299
2019-06-04T20:00:00,2684,179,1278,1226,362,2321
2019-06-04T21:00:00,1981,174,972,834,225,1755
2019-06-04T22:00:00,1700,90,806,803,197,1502
2019-06-04T23:00:00,839,83,360,394,66,773
2019-06-05T00:00:00,532,43,202,286,46,485
2019-06-05T01:00:00,518,87,100,330,44,474
2019-06-05T02:00:00,283,<20,76,199,27,256
2019-06-05T03:00:00,385,<20,70,295,41,343
2019-06-05T04:00:00,660,24,166,470,95,564
2019-06-05T05:00:00,2162,177,678,1306,547,1614
2019-06-05T06:00:00,5648,359,2237,3051,2040,3608
2019-06-05T07:00:00,7422,492,3034,3895,2770,4652
2019-06-05T08:00:00,5755,361,2456,2937,1481,4273
2019-06-05T09:00:00,5668,372,2331,2964,889,4778
2019-06-05T10:00:00,5582,380,2345,2856,747,4834
2019-06-05T11:00:00,6043,515,2486,3041,805,5238
2019-06-05T12:00:00,5328,279,2404,2644,982,4346
2019-06-05T13:00:00,5820,342,2440,3037,911,4908
2019-06-05T14:00:00,5700,416,2310,2973,818,4881
2019-06-05T15:00:00,6326,391,2686,3248,1028,5298
2019-06-05T16:00:00,7817,434,3396,3987,1777,6040
2019-06-05T17:00:00,7321,508,3275,3538,2134,5187
2019-06-05T18:00:00,5945,454,2793,2696,1715,4229
2019-06-05T19:00:00,4132,333,1923,1875,872,3260
2019-06-05T20:00:00,2910,159,1345,1405,368,2542
2019-06-05T21:00:00,2101,174,1040,886,250,1851
2019-06-05T22:00:00,1785,65,905,815,167,1617
2019-06-05T23:00:00,912,68,413,429,53,859
2019-06-06T00:00:00,734,81,222,430,41,693
2019-06-06T01:00:00,429,43,119,266,39,390
2019-06-06T02:00:00,314,<20,76,226,24,290
2019-06-06T03:00:00,429,<20,88,321,49,379
2019-06-06T04:00:00,643,25,171,447,102,540
2019-06-06T05:00:00,2244,133,730,1380,559,1685
2019-06-06T06:00:00,5535,320,2125,3089,1812,3722
2019-06-06T07:00:00,7051,484,2927,3640,2744,4307
2019-06-06T08:00:00,5722,423,2289,3009,1485,4237
2019-06-06T09:00:00,5401,428,2220,2752,910,4491
2019-06-06T10:00:00,5695,303,2260,3131,725,4970
2019-06-06T11:00:00,6159,470,2495,3193,844,5314
2019-06-06T12:00:00,5545,289,2218,3038,885,4660
2019-06-06T13:00:00,5944,319,2433,3192,939,5005
2019-06-06T14:00:00,6153,419,2431,3302,930,5222
2019-06-06T15:00:00,6723,377,2669,3676,1108,5615
2019-06-06T16:00:00,7527,538,3051,3936,1602,5925
2019-06-06T17:00:00,6715,628,2953,3134,1877,4838
2019-06-06T18:00:00,6066,468,2822,2775,1624,4442
2019-06-06T19:00:00,5383,584,2133,2665,1077,4306
2019-06-06T20:00:00,3300,183,1500,1615,421,2878
2019-06-06T21:00:00,2853,282,1141,1429,338,2515
2019-06-06T22:00:00,2226,111,995,1119,189,2036
2019-06-06T23:00:00,1345,80,558,706,79,1265
2019-06-07T00:00:00,1148,75,328,744,55,1093
2019-06-07T01:00:00,822,94,184,542,58,763
2019-06-07T02:00:00,548,<20,147,388,45,502
2019-06-07T03:00:00,555,<20,115,426,43,512
2019-06-07T04:00:00,808,<20,222,571,102,705
2019-06-07T05:00:00,2438,127,796,1514,531,1906
2019-06-07T06:00:00,5576,331,1972,3272,1815,3760
2019-06-07T07:00:00,7386,476,2911,3998,2561,4824
2019-06-07T08:00:00,6206,427,2376,3402,1461,4745
2019-06-07T09:00:00,6342,411,2430,3500,880,5461
2019-06-07T10:00:00,6407,323,2634,3449,735,5671
2019-06-07T11:00:00,6798,676,2524,3597,746,6051
2019-06-07T12:00:00,6874,346,2477,4050,938,5935
2019-06-07T13:00:00,7392,435,2730,4226,922,6469
2019-06-07T14:00:00,7795,615,2879,4300,964,6830
2019-06-07T15:00:00,8167,589,3186,4392,1262,6904
2019-06-07T16:00:00,7163,585,3118,3459,1575,5587
2019-06-07T17:00:00,7287,852,3015,3419,1677,5610
2019-06-07T18:00:00,7088,564,2981,3543,1313,5775
2019-06-07T19:00:00,7079,1112,2595,3371,1000,6078
2019-06-07T20:00:00,5698,375,2086,3236,595,5103
2019-06-07T21:00:00,4868,444,1601,2822,391,4477
2019-06-07T22:00:00,3729,128,1337,2263,206,3522
2019-06-07T23:00:00,2626,97,863,1665,126,2500
2019-06-08T00:00:00,2234,92,565,1576,55,2178
2019-06-08T01:00:00,2249,41,543,1663,61,2187
2019-06-08T02:00:00,1874,<20,369,1490,29,1844
2019-06-08T03:00:00,2123,44,357,1721,53,2070
2019-06-08T04:00:00,2452,45,436,1970,87,2364
2019-06-08T05:00:00,2425,100,524,1800,140,2285
2019-06-08T06:00:00,3159,128,1060,1969,265,2893
2019-06-08T07:00:00,5301,192,1791,3318,356,4944
2019-06-08T08:00:00,7302,516,2593,4192,409,6892
2019-06-08T09:00:00,9054,774,3293,4986,361,8693
2019-06-08T10:00:00,9186,428,3716,5041,350,8836
2019-06-08T11:00:00,9637,884,3766,4986,384,9252
2019-06-08T12:00:00,8833,445,3506,4881,401,8431
2019-06-08T13:00:00,7945,170,3303,4470,313,7631
2019-06-08T14:00:00,8780,768,3479,4531,302,8477
2019-06-08T15:00:00,8530,371,3518,4640,304,8225
2019-06-08T16:00:00,7000,252,3104,3644,293,6707
2019-06-08T17:00:00,6263,348,2817,3098,365,5898
2019-06-08T18:00:00,5849,463,2728,2657,325,5524
2019-06-08T19:00:00,4981,336,2120,2524,273,4707
2019-06-08T20:00:00,3430,201,1420,1809,138,3291
2019-06-08T21:00:00,2883,141,1383,1358,114,2769
2019-06-08T22:00:00,2536,100,1176,1259,96,2439
2019-06-08T23:00:00,1738,64,799,875,58,1680
2019-06-09T00:00:00,1613,39,561,1012,30,1583
2019-06-09T01:00:00,1171,31,377,762,34,1136
2019-06-09T02:00:00,1028,24,295,707,24,1003
2019-06-09T03:00:00,920,<20,203,705,21,899
2019-06-09T04:00:00,1099,23,189,886,31,1067
2019-06-09T05:00:00,1370,76,271,1022,59,1310
2019-06-09T06:00:00,2107,65,423,1619,114,1992
2019-06-09T07:00:00,3355,158,870,2327,130,3225
2019-06-09T08:00:00,4425,185,1410,2829,164,4260
2019-06-09T09:00:00,5823,281,2100,3442,178,5644
2019-06-09T10:00:00,7511,368,2860,4282,177,7334
2019-06-09T11:00:00,8610,465,3296,4849,224,8386
2019-06-09T12:00:00,7736,415,2827,4493,242,7494
2019-06-09T13:00:00,7324,305,2707,4310,236,7087
2019-06-09T14:00:00,8120,470,2848,4801,249,7870
2019-06-09T15:00:00,7331,385,2904,4042,252,7079
2019-06-09T16:00:00,6896,520,2575,3800,222,6673
2019-06-09T17:00:00,6197,324,2452,3420,202,5994
2019-06-09T18:00:00,5851,488,2544,2818,242,5608
2019-06-09T19:00:00,5121,421,1948,2751,208,4913
2019-06-09T20:00:00,3138,240,1206,1690,146,2991
2019-06-09T21:00:00,2656,146,1094,1415,100,2556
2019-06-09T22:00:00,2058,71,851,1135,74,1984
2019-06-09T23:00:00,1452,38,542,871,48,1404
2019-06-10T00:00:00,1514,66,494,952,56,1458
2019-06-10T01:00:00,763,<20,223,523,<20,748
2019-06-10T02:00:00,788,<20,149,632,29,758
2019-06-10T03:00:00,475,<20,86,380,<20,463
2019-06-10T04:00:00,595,<20,146,441,42,553
2019-06-10T05:00:00,930,71,194,664,86,843
2019-06-10T06:00:00,1526,101,416,1008,188,1338
2019-06-10T07:00:00,2079,152,643,1283,213,1866
2019-06-10T08:00:00,3195,199,1092,1903,266,2929
2019-06-10T09:00:00,4956,389,1791,2774,289,4666
2019-06-10T10:00:00,6512,385,2545,3582,275,6237
2019-06-10T11:00:00,7120,588,2811,3720,338,6781
2019-06-10T12:00:00,7316,636,2493,4187,280,7036
2019-06-10T13:00:00,6220,286,2286,3647,278,5941
2019-06-10T14:00:00,7564,658,2692,4213,341,7223
2019-06-10T15:00:00,7027,528,2593,3906,334,6693
2019-06-10T16:00:00,6746,831,2249,3665,377,6369
2019-06-10T17:00:00,6115,518,2231,3366,358,5757
2019-06-10T18:00:00,6174,833,2142,3198,276,5898
2019-06-10T19:00:00,4939,734,1769,2435,254,4685
2019-06-10T20:00:00,4045,458,1292,2294,205,3839
2019-06-10T21:00:00,3222,204,1087,1929,162,3060
2019-06-10T22:00:00,2344,86,874,1383,99,2244
2019-06-10T23:00:00,1145,35,345,764,47,1098
2019-06-11T00:00:00,907,61,237,607,52,854
2019-06-11T01:00:00,474,<20,108,349,28,446
2019-06-11T02:00:00,302,<20,77,211,<20,281
2019-06-11T03:00:00,399,<20,104,283,49,350
2019-06-11T04:00:00,673,<20,177,485,148,525
2019-06-11T05:00:00,2531,180,735,1614,721,1809
2019-06-11T06:00:00,5498,325,2138,3034,1998,3500
2019-06-11T07:00:00,7280,589,2974,3717,2951,4329
2019-06-11T08:00:00,5839,522,2261,3056,1649,4190
2019-06-11T09:00:00,5615,388,2184,3042,1032,4582
2019-06-11T10:00:00,5574,316,2167,3090,763,4811
2019-06-11T11:00:00,6475,532,2292,3651,829,5645
2019-06-11T12:00:00,5779,265,2207,3306,897,4881
2019-06-11T13:00:00,6020,289,2357,3373,863,5156
2019-06-11T14:00:00,6578,428,2314,3834,911,5666
2019-06-11T15:00:00,6315,336,2467,3511,1015,5299
2019-06-11T16:00:00,7719,493,3168,4057,1763,5955
2019-06-11T17:00:00,7263,564,3142,3556,2143,5119
2019-06-11T18:00:00,5657,425,2575,2656,1726,3931
2019-06-11T19:00:00,4022,412,1818,1791,827,3194
2019-06-11T20:00:00,2671,193,1188,1288,335,2336
2019-06-11T21:00:00,2021,134,1037,850,188,1833
2019-06-11T22:00:00,1526,73,816,636,154,1372
2019-06-11T23:00:00,813,75,365,372,58,755
2019-06-12T00:00:00,585,63,218,303,49,536
2019-06-12T01:00:00,663,30,195,437,31,632
2019-06-12T02:00:00,402,39,86,276,51,351
2019-06-12T03:00:00,352,24,85,241,38,313
2019-06-12T04:00:00,591,<20,148,425,99,492
2019-06-12T05:00:00,2096,133,666,1296,563,1532
2019-06-12T06:00:00,5470,366,2130,2973,1931,3538
2019-06-12T07:00:00,7079,538,2858,3682,2758,4320
2019-06-12T08:00:00,5574,399,2251,2924,1560,4014
2019-06-12T09:00:00,5466,493,2103,2870,972,4493
2019-06-12T10:00:00,5819,357,2219,3242,780,5039
2019-06-12T11:00:00,6118,464,2312,3341,779,5338
2019-06-12T12:00:00,5573,272,2131,3169,929,4643
2019-06-12T13:00:00,6008,369,2343,3294,905,5102
2019-06-12T14:00:00,6316,457,2372,3486,899,5416
2019-06-12T15:00:00,6743,352,2659,3731,1092,5650
2019-06-12T16:00:00,7884,491,3132,4260,1760,6123
2019-06-12T17:00:00,5891,406,2425,3059,1610,4281
2019-06-12T18:00:00,4687,369,1864,2452,1306,3380
2019-06-12T19:00:00,3715,330,1504,1881,831,2883
2019-06-12T20:00:00,2758,190,1268,1299,405,2352
2019-06-12T21:00:00,1977,153,813,1010,210,1767
2019-06-12T22:00:00,1833,84,928,820,185,1648
2019-06-12T23:00:00,935,78,447,410,73,862
2019-06-13T00:00:00,818,65,309,443,55,762
2019-06-13T01:00:00,624,65,147,411,35,589
2019-06-13T02:00:00,272,<20,53,207,25,247
2019-06-13T03:00:00,433,45,87,301,37,396
2019-06-13T04:00:00,593,26,173,394,108,485
2019-06-13T05:00:00,2116,142,656,1317,579,1537
2019-06-13T06:00:00,5736,310,2215,3209,1976,3759
2019-06-13T07:00:00,6933,505,2842,3586,2528,4405
2019-06-13T08:00:00,6059,364,2359,3336,1565,4494
2019-06-13T09:00:00,6124,462,2423,3237,917,5206
2019-06-13T10:00:00,6203,386,2574,3242,720,5483
2019-06-13T11:00:00,6284,424,2605,3255,757,5527
2019-06-13T12:00:00,5923,282,2472,3168,1003,4919
2019-06-13T13:00:00,6233,355,2621,3257,889,5344
2019-06-13T14:00:00,6401,440,2605,3355,897,5504
2019-06-13T15:00:00,6764,427,2853,3483,1058,5705
2019-06-13T16:00:00,7751,559,3380,3811,1728,6022
2019-06-13T17:00:00,7894,596,3634,3663,2151,5743
2019-06-13T18:00:00,6332,462,3111,2759,1574,4758
2019-06-13T19:00:00,5060,537,2338,2185,889,4171
2019-06-13T20:00:00,3332,163,1667,1500,411,2920
2019-06-13T21:00:00,2754,224,1353,1176,275,2479
2019-06-13T22:00:00,2174,125,1161,887,221,1952
2019-06-13T23:00:00,1309,103,660,545,98,1210
2019-06-14T00:00:00,958,41,401,515,55,902
2019-06-14T01:00:00,611,86,188,336,32,578
2019-06-14T02:00:00,512,25,106,380,31,481
2019-06-14T03:00:00,592,25,125,441,44,547
2019-06-14T04:00:00,759,24,202,533,101,657
2019-06-14T05:00:00,2374,150,709,1514,575,1799
2019-06-14T06:00:00,5686,284,2214,3187,1932,3753
2019-06-14T07:00:00,7300,447,2969,3883,2631,4668
2019-06-14T08:00:00,6111,365,2447,3297,1515,4595
2019-06-14T09:00:00,6382,412,2561,3408,879,5503
2019-06-14T10:00:00,6853,417,2795,3640,731,6122
2019-06-14T11:00:00,7128,569,2837,3721,852,6275
2019-06-14T12:00:00,6719,387,2598,3733,928,5791
2019-06-14T13:00:00,7439,457,2925,4056,1006,6433
2019-06-14T14:00:00,7975,482,2979,4513,1037,6937
2019-06-14T15:00:00,8722,738,3324,4658,1506,7216
2019-06-14T16:00:00,8913,632,3826,4454,1802,7110
2019-06-14T17:00:00,7948,714,3435,3797,1883,6064
2019-06-14T18:00:00,6879,517,3289,3072,1400,5478
2019-06-14T19:00:00,6845,576,3113,3154,1046,5798
2019-06-14T20:00:00,4585,375,1874,2334,464,4120
2019-06-14T21:00:00,3959,323,1568,2066,278,3680
2019-06-14T22:00:00,3238,107,1495,1636,233,3004
2019-06-14T23:00:00,2459,111,1031,1317,107,2352
2019-06-15T00:00:00,1950,75,692,1183,66,1884
2019-06-15T01:00:00,1469,79,509,881,43,1426
2019-06-15T02:00:00,1164,29,360,773,41,1122
2019-06-15T03:00:00,1126,25,255,845,48,1078
2019-06-15T04:00:00,1377,41,333,1002,60,1316
2019-06-15T05:00:00,2079,66,492,1520,162,1916
2019-06-15T06:00:00,3594,157,1051,2385,340,3253
2019-06-15T07:00:00,4730,205,1662,2862,416,4314
2019-06-15T08:00:00,7131,345,2675,4109,484,6647
2019-06-15T09:00:00,8537,481,3622,4433,389,8148
2019-06-15T10:00:00,9102,414,4101,4586,381,8720
2019-06-15T11:00:00,9592,616,4112,4862,405,9186
2019-06-15T12:00:00,8881,398,3748,4734,408,8473
2019-06-15T13:00:00,9076,365,3966,4744,362,8713
2019-06-15T14:00:00,9395,432,4030,4932,313,9082
2019-06-15T15:00:00,9120,432,3978,4709,352,8768
2019-06-15T16:00:00,8384,413,3612,4358,372,8012
2019-06-15T17:00:00,7117,372,3408,3336,370,6746
2019-06-15T18:00:00,6296,263,3131,2900,389,5906
2019-06-15T19:00:00,4890,318,2458,2113,266,4624
2019-06-15T20:00:00,3727,209,1788,1729,206,3521
2019-06-15T21:00:00,3034,122,1586,1325,167,2866
2019-06-15T22:00:00,2651,95,1243,1312,124,2526
2019-06-15T23:00:00,2250,64,1348,837,70,2180
2019-06-16T00:00:00,1948,33,823,1090,68,1879
2019-06-16T01:00:00,1239,38,505,695,48,1191
2019-06-16T02:00:00,856,36,248,572,32,824
2019-06-16T03:00:00,775,<20,184,572,26,748
2019-06-16T04:00:00,840,<20,181,646,33,806
2019-06-16T05:00:00,1265,105,228,931,71,1194
2019-06-16T06:00:00,1795,101,454,1239,124,1670
2019-06-16T07:00:00,2690,125,781,1784,128,2562
2019-06-16T08:00:00,4315,219,1674,2422,180,4134
2019-06-16T09:00:00,6906,320,2840,3745,234,6671
2019-06-16T10:00:00,8510,311,3863,4335,296,8214
2019-06-16T11:00:00,9544,550,4264,4728,295,9248
2019-06-16T12:00:00,7605,392,3294,3918,236,7369
2019-06-16T13:00:00,7705,375,3130,4199,226,7478
2019-06-16T14:00:00,8080,314,3343,4422,229,7850
2019-06-16T15:00:00,8418,425,3499,4493,246,8171
2019-06-16T16:00:00,8285,661,3383,4241,307,7978
2019-06-16T17:00:00,7421,482,3308,3630,288,7132
2019-06-16T18:00:00,6989,535,3304,3149,276,6713
2019-06-16T19:00:00,5620,542,2511,2566,267,5352
2019-06-16T20:00:00,4181,351,1841,1987,193,3987
2019-06-16T21:00:00,3438,240,1495,1702,132,3305
2019-06-16T22:00:00,2435,95,1120,1220,138,2296
2019-06-16T23:00:00,1252,36,511,704,36,1216
2019-06-17T00:00:00,915,43,276,595,31,883
2019-06-17T01:00:00,469,<20,120,344,27,441
2019-06-17T02:00:00,428,<20,76,349,35,393
2019-06-17T03:00:00,468,<20,116,345,42,426
2019-06-17T04:00:00,849,<20,248,589,144,704
2019-06-17T05:00:00,2834,187,797,1849,693,2140
2019-06-17T06:00:00,5635,292,2134,3208,1993,3641
2019-06-17T07:00:00,6998,490,2924,3583,2713,4284
2019-06-17T08:00:00,5785,436,2214,3134,1565,4220
2019-06-17T09:00:00,6142,448,2371,3322,1001,5140
2019-06-17T10:00:00,6160,365,2522,3271,754,5405
2019-06-17T11:00:00,6361,516,2670,3173,749,5611
2019-06-17T12:00:00,5925,180,2512,3233,821,5104
2019-06-17T13:00:00,6248,448,2436,3363,870,5378
2019-06-17T14:00:00,6441,476,2645,3319,868,5573
2019-06-17T15:00:00,6588,341,2705,3541,1019,5568
2019-06-17T16:00:00,7383,493,3195,3694,1501,5881
2019-06-17T17:00:00,6604,505,3270,2828,1891,4712
2019-06-17T18:00:00,6147,440,2911,2795,1685,4461
2019-06-17T19:00:00,4212,411,1902,1898,803,3409
2019-06-17T20:00:00,2638,168,1236,1234,317,2321
2019-06-17T21:00:00,2057,128,1015,913,207,1850
2019-06-17T22:00:00,1619,57,816,744,134,1484
2019-06-17T23:00:00,875,83,390,400,75,799
2019-06-18T00:00:00,693,76,232,385,39,654
2019-06-18T01:00:00,374,41,91,241,<20,365
2019-06-18T02:00:00,325,24,76,223,22,302
2019-06-18T03:00:00,368,<20,72,284,39,329
2019-06-18T04:00:00,623,38,177,408,117,506
2019-06-18T05:00:00,2234,143,755,1334,598,1635
2019-06-18T06:00:00,5393,314,2106,2972,1925,3468
2019-06-18T07:00:00,6752,385,2826,3539,2551,4201
2019-06-18T08:00:00,5730,302,2330,3097,1496,4233
2019-06-18T09:00:00,5862,412,2528,2922,931,4930
2019-06-18T10:00:00,5804,375,2580,2847,722,5081
2019-06-18T11:00:00,5961,411,2551,2999,720,5241
2019-06-18T12:00:00,5589,283,2363,2942,854,4734
2019-06-18T13:00:00,5645,257,2546,2841,852,4792
2019-06-18T14:00:00,6047,329,2511,3206,808,5239
2019-06-18T15:00:00,6388,415,2807,3164,926,5461
2019-06-18T16:00:00,7558,450,3308,3799,1639,5918
2019-06-18T17:00:00,7398,518,3482,3397,2018,5379
2019-06-18T18:00:00,6190,415,2926,2848,1743,4447
2019-06-18T19:00:00,4403,371,1987,2044,863,3540
2019-06-18T20:00:00,2929,208,1316,1404,354,2574
2019-06-18T21:00:00,2147,103,987,1056,202,1945
2019-06-18T22:00:00,1971,109,988,872,179,1792
2019-06-18T23:00:00,993,68,443,480,90,902
2019-06-19T00:00:00,738,44,287,405,35,702
2019-06-19T01:00:00,469,25,117,326,25,443
2019-06-19T02:00:00,342,33,69,239,30,311
2019-06-19T03:00:00,417,<20,65,339,43,374
2019-06-19T04:00:00,731,<20,196,520,114,616
2019-06-19T05:00:00,2325,152,747,1424,594,1730
2019-06-19T06:00:00,5401,258,2031,3111,1847,3554
2019-06-19T07:00:00,6519,364,2739,3415,2440,4079
2019-06-19T08:00:00,5787,360,2319,3108,1464,4323
2019-06-19T09:00:00,6236,357,2486,3391,925,5311
2019-06-19T10:00:00,6122,359,2438,3324,758,5364
2019-06-19T11:00:00,6566,482,2574,3509,739,5826
2019-06-19T12:00:00,5779,286,2307,3184,845,4933
2019-06-19T13:00:00,6532,293,2622,3617,937,5594
2019-06-19T14:00:00,6880,460,2648,3771,933,5947
2019-06-19T15:00:00,7405,378,2936,4091,1130,6275
2019-06-19T16:00:00,7660,484,3091,4084,1633,6026
2019-06-19T17:00:00,7460,576,3222,3661,1905,5555
2019-06-19T18:00:00,6443,368,2854,3221,1491,4951
2019-06-19T19:00:00,5182,367,2275,2539,813,4368
2019-06-19T20:00:00,3778,270,1563,1944,428,3350
2019-06-19T21:00:00,3313,252,1470,1590,299,3013
2019-06-19T22:00:00,2525,93,1104,1327,186,2339
2019-06-19T23:00:00,1608,96,707,804,91,1516
2019-06-20T00:00:00,1379,79,508,791,48,1331
2019-06-20T01:00:00,992,50,268,673,34,957
2019-06-20T02:00:00,805,<20,182,605,35,769
2019-06-20T03:00:00,779,38,155,585,37,742
2019-06-20T04:00:00,1065,<20,218,826,48,1016
2019-06-20T05:00:00,2133,123,395,1615,187,1946
2019-06-20T06:00:00,2939,134,687,2118,298,2641
2019-06-20T07:00:00,3757,178,1105,2474,420,3337
2019-06-20T08:00:00,5302,374,1918,3009,381,4920
2019-06-20T09:00:00,6575,471,2493,3611,357,6218
2019-06-20T10:00:00,6859,422,3031,3405,324,6535
2019-06-20T11:00:00,8146,565,3354,4227,328,7818
2019-06-20T12:00:00,6480,268,2687,3525,280,6200
2019-06-20T13:00:00,6720,328,2526,3865,314,6405
2019-06-20T14:00:00,7983,384,3094,4504,392,7591
2019-06-20T15:00:00,7162,315,2934,3913,378,6783
2019-06-20T16:00:00,6549,423,2604,3520,423,6125
2019-06-20T17:00:00,5825,320,2469,3034,422,5402
2019-06-20T18:00:00,4996,325,2250,2420,347,4649
2019-06-20T19:00:00,4277,344,1823,2108,321,3956
2019-06-20T20:00:00,3304,327,1345,1631,277,3026
2019-06-20T21:00:00,3103,159,1417,1525,195,2907
2019-06-20T22:00:00,2240,112,931,1196,128,2111
2019-06-20T23:00:00,1320,65,534,719,66,1253
2019-06-21T00:00:00,1105,56,363,684,32,1072
2019-06-21T01:00:00,703,55,160,486,27,675
2019-06-21T02:00:00,542,<20,100,423,37,504
2019-06-21T03:00:00,564,27,65,471,29,534
2019-06-21T04:00:00,674,<20,158,501,87,587
2019-06-21T05:00:00,1928,93,540,1294,408,1519
2019-06-21T06:00:00,4153,156,1540,2457,1203,2949
2019-06-21T07:00:00,5373,306,2150,2916,1721,3651
2019-06-21T08:00:00,5208,205,2002,3000,1048,4159
2019-06-21T09:00:00,6366,552,2466,3347,692,5674
2019-06-21T10:00:00,7222,351,2688,4181,529,6692
2019-06-21T11:00:00,7531,521,2906,4102,577,6953
2019-06-21T12:00:00,6738,348,2595,3795,709,6028
2019-06-21T13:00:00,7271,317,2869,4085,686,6584
2019-06-21T14:00:00,7588,416,2985,4186,736,6851
2019-06-21T15:00:00,8107,477,3110,4520,862,7244
2019-06-21T16:00:00,8390,402,3263,4723,1254,7135
2019-06-21T17:00:00,7510,541,2983,3986,1362,6147
2019-06-21T18:00:00,6332,450,2460,3422,1084,5247
2019-06-21T19:00:00,5719,546,2167,3004,700,5018
2019-06-21T20:00:00,4460,266,1520,2673,305,4155
2019-06-21T21:00:00,3669,301,1207,2160,233,3435
2019-06-21T22:00:00,3122,109,1156,1855,199,2922
2019-06-21T23:00:00,2071,102,662,1306,83,1987
2019-06-22T00:00:00,2019,76,613,1329,75,1943
2019-06-22T01:00:00,1582,31,363,1187,44,1538
2019-06-22T02:00:00,1119,<20,269,829,<20,1107
2019-06-22T03:00:00,1156,28,213,914,36,1119
2019-06-22T04:00:00,1195,40,267,887,70,1124
2019-06-22T05:00:00,1854,81,385,1387,113,1741
2019-06-22T06:00:00,2816,98,698,2020,284,2531
2019-06-22T07:00:00,3962,148,1073,2740,349,3612
2019-06-22T08:00:00,5466,290,1706,3468,331,5135
2019-06-22T09:00:00,6912,493,2252,4165,300,6611
2019-06-22T10:00:00,7659,284,2756,4618,269,7390
2019-06-22T11:00:00,8482,546,2971,4964,323,8158
2019-06-22T12:00:00,7693,291,2798,4603,384,7309
2019-06-22T13:00:00,7755,488,2787,4479,281,7473
2019-06-22T14:00:00,8175,435,3071,4667,301,7873
2019-06-22T15:00:00,8181,296,3100,4785,314,7866
2019-06-22T16:00:00,8059,423,3205,4430,302,7757
2019-06-22T17:00:00,7435,370,2869,4194,345,7090
2019-06-22T18:00:00,6958,289,2875,3792,314,6643
2019-06-22T19:00:00,5408,317,2229,2861,273,5134
2019-06-22T20:00:00,3963,296,1501,2165,174,3789
2019-06-22T21:00:00,3499,182,1496,1820,128,3370
2019-06-22T22:00:00,3149,64,1423,1661,134,3014
2019-06-22T23:00:00,1966,66,794,1104,78,1888
2019-06-23T00:00:00,1898,56,664,1177,55,1843
2019-06-23T01:00:00,1514,37,499,977,42,1472
2019-06-23T02:00:00,1110,47,335,727,33,1077
2019-06-23T03:00:00,958,<20,208,738,27,930
2019-06-23T04:00:00,844,<20,224,605,36,807
2019-06-23T05:00:00,1179,78,292,808,52,1127
2019-06-23T06:00:00,1803,100,444,1257,98,1704
2019-06-23T07:00:00,2876,129,905,1841,166,2709
2019-06-23T08:00:00,4625,206,1604,2814,199,4426
2019-06-23T09:00:00,7290,328,2775,4186,213,7077
2019-06-23T10:00:00,8178,293,3411,4473,246,7931
2019-06-23T11:00:00,8920,507,3742,4670,241,8678
2019-06-23T12:00:00,7846,468,3137,4240,200,7645
2019-06-23T13:00:00,6982,328,2817,3835,243,6738
2019-06-23T14:00:00,8698,438,3181,5078,233,8464
2019-06-23T15:00:00,9215,432,3098,5684,286,8929
2019-06-23T16:00:00,8894,683,3033,5178,256,8638
2019-06-23T17:00:00,8154,497,3200,4456,244,7909
2019-06-23T18:00:00,7275,626,3001,3648,289,6986
2019-06-23T19:00:00,6396,493,2730,3171,255,6140
2019-06-23T20:00:00,4721,404,1952,2363,207,4513
2019-06-23T21:00:00,3705,262,1456,1986,167,3537
2019-06-23T22:00:00,2599,88,1118,1392,109,2489
2019-06-23T23:00:00,1443,47,553,842,46,1397
2019-06-24T00:00:00,1077,35,319,722,68,1008
2019-06-24T01:00:00,637,<20,203,417,36,600
2019-06-24T02:00:00,512,<20,99,402,23,489
2019-06-24T03:00:00,588,<20,97,486,55,532
2019-06-24T04:00:00,829,<20,216,601,134,694
2019-06-24T05:00:00,2602,149,747,1705,672,1929
2019-06-24T06:00:00,5587,295,2064,3227,1884,3702
2019-06-24T07:00:00,6467,426,2560,3480,2450,4016
2019-06-24T08:00:00,5553,370,2159,3022,1344,4208
2019-06-24T09:00:00,5677,348,2247,3081,905,4772
2019-06-24T10:00:00,5931,299,2319,3312,688,5243
2019-06-24T11:00:00,6171,396,2275,3499,623,5547
2019-06-24T12:00:00,5585,344,2231,3009,698,4887
2019-06-24T13:00:00,5726,175,2321,3230,796,4930
2019-06-24T14:00:00,6281,480,2400,3400,744,5536
2019-06-24T15:00:00,6069,297,2453,3317,901,5167
2019-06-24T16:00:00,6949,268,2961,3719,1552,5397
2019-06-24T17:00:00,7457,604,3335,3517,2055,5401
2019-06-24T18:00:00,5626,390,2590,2644,1502,4123
2019-06-24T19:00:00,3952,360,1720,1871,696,3255
2019-06-24T20:00:00,2604,155,1229,1220,294,2309
2019-06-24T21:00:00,1864,164,876,823,185,1678
2019-06-24T22:00:00,1546,67,761,716,133,1412
2019-06-24T23:00:00,706,36,340,329,41,664
2019-06-25T00:00:00,621,77,223,320,33,587
2019-06-25T01:00:00,426,42,107,276,34,391
2019-06-25T02:00:00,268,<20,76,189,<20,250
2019-06-25T03:00:00,376,28,91,255,31,345
2019-06-25T04:00:00,548,<20,163,367,95,453
2019-06-25T05:00:00,2313,157,769,1386,585,1727
2019-06-25T06:00:00,5192,257,2018,2917,1789,3403
2019-06-25T07:00:00,6322,426,2548,3347,2275,4046
2019-06-25T08:00:00,5529,316,2213,2999,1378,4151
2019-06-25T09:00:00,5599,333,2437,2829,841,4757
2019-06-25T10:00:00,5842,334,2418,3089,684,5158
2019-06-25T11:00:00,5660,369,2460,2829,677,4982
2019-06-25T12:00:00,5378,299,2287,2791,756,4622
2019-06-25T13:00:00,5599,285,2407,2905,897,4701
2019-06-25T14:00:00,5901,365,2417,3118,844,5056
2019-06-25T15:00:00,6005,343,2491,3170,1028,4976
2019-06-25T16:00:00,7161,428,3069,3663,1626,5534
2019-06-25T17:00:00,6829,307,3174,3347,1936,4893
2019-06-25T18:00:00,5782,508,2693,2580,1537,4244
2019-06-25T19:00:00,3907,292,1899,1716,712,3195
2019-06-25T20:00:00,2647,232,1244,1170,293,2354
2019-06-25T21:00:00,2196,209,1062,923,194,2002
2019-06-25T22:00:00,1727,89,930,708,161,1566
2019-06-25T23:00:00,890,73,447,370,63,827
2019-06-26T00:00:00,705,47,259,398,48,657
2019-06-26T01:00:00,343,32,130,180,24,319
2019-06-26T02:00:00,337,31,80,225,23,313
2019-06-26T03:00:00,624,157,135,331,45,579
2019-06-26T04:00:00,604,<20,198,395,95,508
2019-06-26T05:00:00,2320,120,789,1410,658,1661
2019-06-26T06:00:00,5395,281,2032,3081,1774,3620
2019-06-26T07:00:00,6381,335,2593,3452,2360,4021
2019-06-26T08:00:00,5440,319,2314,2806,1315,4124
2019-06-26T09:00:00,5936,367,2534,3034,911,5024
2019-06-26T10:00:00,6054,419,2513,3121,715,5339
2019-06-26T11:00:00,6096,432,2467,3196,663,5432
2019-06-26T12:00:00,5558,269,2349,2939,862,4696
2019-06-26T13:00:00,5826,298,2425,3102,803,5022
2019-06-26T14:00:00,6376,437,2755,3183,867,5508
2019-06-26T15:00:00,6442,389,2696,3355,1050,5392
2019-06-26T16:00:00,7116,379,3115,3621,1538,5578
2019-06-26T17:00:00,7019,424,3140,3455,1960,5059
2019-06-26T18:00:00,5700,388,2649,2662,1440,4259
2019-06-26T19:00:00,4475,302,2067,2105,726,3748
2019-06-26T20:00:00,3187,278,1532,1377,304,2883
2019-06-26T21:00:00,2169,209,1041,919,186,1982
2019-06-26T22:00:00,2042,71,1064,907,146,1896
2019-06-26T23:00:00,1071,63,543,464,53,1018
2019-06-27T00:00:00,885,62,387,435,57,827
2019-06-27T01:00:00,565,40,168,356,38,526
2019-06-27T02:00:00,393,27,106,259,24,368
2019-06-27T03:00:00,482,<20,100,365,42,440
2019-06-27T04:00:00,810,37,254,519,137,673
2019-06-27T05:00:00,2620,164,859,1597,625,1995
2019-06-27T06:00:00,5356,210,2055,3090,1709,3647
2019-06-27T07:00:00,6278,364,2489,3423,2220,4057
2019-06-27T08:00:00,5769,394,2311,3062,1375,4393
2019-06-27T09:00:00,5937,406,2373,3157,832,5105
2019-06-27T10:00:00,6057,429,2370,3257,681,5376
2019-06-27T11:00:00,5840,459,2294,3086,634,5206
2019-06-27T12:00:00,5535,292,2156,3086,728,4807
2019-06-27T13:00:00,6152,336,2453,3362,810,5341
2019-06-27T14:00:00,6541,328,2540,3672,857,5684
2019-06-27T15:00:00,6256,390,2428,3436,972,5283
2019-06-27T16:00:00,7021,480,2954,3586,1451,5570
2019-06-27T17:00:00,6683,472,3183,3028,1763,4920
2019-06-27T18:00:00,6336,429,2905,3002,1477,4859
2019-06-27T19:00:00,4584,209,2199,2176,750,3834
2019-06-27T20:00:00,3833,416,1610,1805,408,3425
2019-06-27T21:00:00,3027,231,1406,1390,349,2678
2019-06-27T22:00:00,2340,161,1152,1025,184,2156
2019-06-27T23:00:00,1328,77,701,549,58,1269
2019-06-28T00:00:00,1003,63,368,572,51,951
2019-06-28T01:00:00,658,30,225,402,40,618
2019-06-28T02:00:00,621,27,138,455,24,597
2019-06-28T03:00:00,653,48,152,452,36,616
2019-06-28T04:00:00,759,<20,232,510,123,635
2019-06-28T05:00:00,2566,140,853,1572,650,1915
2019-06-28T06:00:00,5448,241,1933,3274,1589,3859
2019-06-28T07:00:00,6074,332,2458,3283,2054,4019
2019-06-28T08:00:00,5735,326,2211,3197,1298,4436
2019-06-28T09:00:00,6309,410,2513,3385,779,5530
2019-06-28T10:00:00,6508,447,2521,3538,667,5840
2019-06-28T11:00:00,6596,512,2481,3602,683,5912
2019-06-28T12:00:00,6167,304,2254,3608,810,5357
2019-06-28T13:00:00,7026,383,2756,3885,885,6140
2019-06-28T14:00:00,7354,465,2775,4113,997,6357
2019-06-28T15:00:00,7777,291,3124,4361,1164,6613
2019-06-28T16:00:00,8198,649,3438,4110,1655,6542
2019-06-28T17:00:00,7444,647,3122,3674,1754,5689
2019-06-28T18:00:00,6766,445,3002,3317,1224,5542
2019-06-28T19:00:00,5116,278,2439,2397,674,4441
2019-06-28T20:00:00,5077,563,1907,2607,431,4646
2019-06-28T21:00:00,4212,355,1655,2200,300,3911
2019-06-28T22:00:00,3757,115,1468,2173,215,3541
2019-06-28T23:00:00,2342,118,915,1307,127,2214
2019-06-29T00:00:00,2233,51,786,1394,72,2160
2019-06-29T01:00:00,1938,85,535,1316,83,1854
2019-06-29T02:00:00,1393,29,343,1020,49,1343
2019-06-29T03:00:00,1469,41,297,1129,52,1416
2019-06-29T04:00:00,1604,28,373,1202,75,1528
2019-06-29T05:00:00,2282,69,451,1761,108,2174
2019-06-29T06:00:00,3315,104,821,2389,190,3124
2019-06-29T07:00:00,4562,174,1310,3078,256,4305
2019-06-29T08:00:00,6169,281,2194,3693,290,5879
2019-06-29T09:00:00,8013,544,2933,4535,287,7725
2019-06-29T10:00:00,8666,436,3388,4841,314,8352
2019-06-29T11:00:00,8470,524,3413,4532,324,8145
2019-06-29T12:00:00,7535,330,2812,4392,292,7243
2019-06-29T13:00:00,7024,314,2717,3993,235,6789
2019-06-29T14:00:00,7364,485,2915,3962,264,7100
2019-06-29T15:00:00,7261,319,2867,4074,233,7027
2019-06-29T16:00:00,6804,429,2725,3650,278,6526
2019-06-29T17:00:00,5772,281,2606,2884,238,5533
2019-06-29T18:00:00,5944,295,2896,2753,291,5652
2019-06-29T19:00:00,5124,335,2580,2207,261,4862
2019-06-29T20:00:00,3481,201,1792,1487,171,3309
2019-06-29T21:00:00,3070,137,1579,1354,144,2925
2019-06-29T22:00:00,2797,110,1416,1270,108,2688
2019-06-29T23:00:00,1775,47,896,832,57,1718
2019-06-30T00:00:00,1824,58,801,965,46,1778
2019-06-30T01:00:00,1512,49,552,910,35,1477
2019-06-30T02:00:00,1165,22,382,760,35,1130
2019-06-30T03:00:00,1157,22,303,832,52,1105
2019-06-30T04:00:00,1256,26,275,954,55,1201
2019-06-30T05:00:00,1553,91,372,1089,67,1486
2019-06-30T06:00:00,2175,91,547,1536,126,2048
2019-06-30T07:00:00,3247,131,1032,2083,163,3083
2019-06-30T08:00:00,4840,213,1784,2841,197,4643
2019-06-30T09:00:00,7142,270,2688,4183,218,6924
2019-06-30T10:00:00,8247,322,3315,4609,260,7987
2019-06-30T11:00:00,8117,421,3213,4481,215,7902
2019-06-30T12:00:00,6815,376,2790,3648,212,6603
2019-06-30T13:00:00,6502,288,2362,3851,211,6290
2019-06-30T14:00:00,7308,581,2561,4165,253,7055
2019-06-30T15:00:00,7219,342,2645,4230,260,6958
2019-06-30T16:00:00,7180,579,2670,3929,270,6909
2019-06-30T17:00:00,7167,271,3018,3876,277,6889
2019-06-30T18:00:00,7590,596,3314,3679,285,7304
2019-06-30T19:00:00,6677,541,2964,3171,314,6362
2019-06-30T20:00:00,4713,312,2157,2243,232,4480
2019-06-30T21:00:00,3911,236,1651,2023,215,3696
2019-06-30T22:00:00,2903,116,1169,1617,125,2777
2019-06-30T23:00:00,1319,28,546,744,57,1262
2019-07-01T00:00:00,1038,37,288,712,50,987
2019-07-01T01:00:00,640,<20,137,498,21,618
2019-07-01T02:00:00,654,<20,118,528,31,622
2019-07-01T03:00:00,771,<20,140,626,54,716
2019-07-01T04:00:00,1156,<20,280,859,174,981
2019-07-01T05:00:00,2929,168,882,1878,783,2145
2019-07-01T06:00:00,5374,273,1969,3131,1835,3539
2019-07-01T07:00:00,6478,355,2425,3696,2420,4057
2019-07-01T08:00:00,5474,385,2048,3040,1435,4039
2019-07-01T09:00:00,5670,439,2107,3124,862,4807
2019-07-01T10:00:00,5918,320,2308,3288,800,5117
2019-07-01T11:00:00,5969,473,2247,3248,663,5305
2019-07-01T12:00:00,5454,260,2193,3000,745,4709
2019-07-01T13:00:00,5968,307,2487,3173,771,5196
2019-07-01T14:00:00,6280,356,2424,3499,808,5471
2019-07-01T15:00:00,6158,311,2461,3385,1005,5153
2019-07-01T16:00:00,6743,356,2930,3455,1524,5218
2019-07-01T17:00:00,6506,397,2959,3149,1916,4589
2019-07-01T18:00:00,5514,367,2707,2439,1596,3918
2019-07-01T19:00:00,3837,326,1688,1823,659,3177
2019-07-01T20:00:00,2539,207,1100,1231,325,2214
2019-07-01T21:00:00,2057,169,904,983,179,1877
2019-07-01T22:00:00,1458,54,744,659,149,1308
2019-07-01T23:00:00,799,64,317,417,57,742
2019-07-02T00:00:00,687,64,207,414,52,634
2019-07-02T01:00:00,537,45,160,330,38,499
2019-07-02T02:00:00,367,34,75,257,24,342
2019-07-02T03:00:00,411,<20,111,288,38,373
2019-07-02T04:00:00,807,22,247,537,122,685
2019-07-02T05:00:00,2468,135,853,1479,682,1785
2019-07-02T06:00:00,5256,278,2002,2975,1784,3471
2019-07-02T07:00:00,6268,411,2482,3373,2463,3804
2019-07-02T08:00:00,5444,338,2327,2778,1423,4020
2019-07-02T09:00:00,5376,307,2275,2793,861,4515
2019-07-02T10:00:00,5382,249,2330,2802,669,4712
2019-07-02T11:00:00,5576,435,2308,2832,636,4939
2019-07-02T12:00:00,5142,262,2091,2789,762,4380
2019-07-02T13:00:00,5720,301,2416,3001,831,4888
2019-07-02T14:00:00,6192,405,2501,3285,810,5381
2019-07-02T15:00:00,5834,343,2635,2855,1010,4824
2019-07-02T16:00:00,7274,394,3099,3780,1616,5657
2019-07-02T17:00:00,7269,488,3364,3416,1909,5359
2019-07-02T18:00:00,5601,394,2694,2512,1623,3977
2019-07-02T19:00:00,3950,237,1940,1772,729,3221
2019-07-02T20:00:00,2666,277,1199,1189,344,2322
2019-07-02T21:00:00,2165,168,1035,961,196,1969
2019-07-02T22:00:00,1687,64,901,721,186,1501
2019-07-02T23:00:00,1018,71,426,520,72,945
2019-07-03T00:00:00,755,36,275,444,46,709
2019-07-03T01:00:00,536,55,134,346,26,509
2019-07-03T02:00:00,354,22,63,268,25,328
2019-07-03T03:00:00,556,30,97,428,27,529
2019-07-03T04:00:00,707,28,188,490,115,591
2019-07-03T05:00:00,2451,126,767,1558,592,1859
2019-07-03T06:00:00,5301,277,2015,3007,1753,3547
2019-07-03T07:00:00,6260,356,2512,3391,2381,3879
2019-07-03T08:00:00,5589,327,2346,2916,1361,4228
2019-07-03T09:00:00,5728,397,2337,2992,835,4892
2019-07-03T10:00:00,5770,307,2496,2966,697,5073
2019-07-03T11:00:00,5722,398,2516,2807,678,5043
2019-07-03T12:00:00,5830,339,2361,3130,783,5047
2019-07-03T13:00:00,5637,272,2389,2975,815,4821
2019-07-03T14:00:00,6323,491,2564,3266,836,5486
2019-07-03T15:00:00,6318,345,2660,3312,963,5355
2019-07-03T16:00:00,7121,392,3058,3670,1542,5578
2019-07-03T17:00:00,7141,479,3212,3448,1979,5161
2019-07-03T18:00:00,5715,376,2639,2699,1497,4218
2019-07-03T19:00:00,4223,425,1894,1903,723,3500
2019-07-03T20:00:00,2648,186,1225,1236,291,2356
2019-07-03T21:00:00,2209,176,981,1051,196,2012
2019-07-03T22:00:00,1850,66,913,870,168,1682
2019-07-03T23:00:00,1191,66,522,602,84,1106
2019-07-04T00:00:00,871,69,365,436,39,831
2019-07-04T01:00:00,604,47,129,427,30,574
2019-07-04T02:00:00,491,<20,116,364,31,460
2019-07-04T03:00:00,498,<20,102,379,31,466
2019-07-04T04:00:00,718,31,196,490,114,604
2019-07-04T05:00:00,2473,160,783,1530,611,1862
2019-07-04T06:00:00,5493,261,2083,3148,1758,3734
2019-07-04T07:00:00,6372,311,2587,3473,2324,4047
2019-07-04T08:00:00,5640,357,2265,3018,1363,4277
2019-07-04T09:00:00,5817,399,2347,3070,863,4954
2019-07-04T10:00:00,5958,286,2460,3211,668,5289
2019-07-04T11:00:00,6172,432,2428,3310,668,5503
2019-07-04T12:00:00,5871,343,2358,3169,833,5038
2019-07-04T13:00:00,6048,357,2394,3297,809,5239
2019-07-04T14:00:00,6354,410,2488,3455,834,5519
2019-07-04T15:00:00,6577,320,2783,3472,965,5611
2019-07-04T16:00:00,7548,425,3291,3831,1535,6013
2019-07-04T17:00:00,7519,496,3385,3637,2019,5500
2019-07-04T18:00:00,6490,396,3059,3035,1600,4890
2019-07-04T19:00:00,4777,434,2136,2207,774,4002
2019-07-04T20:00:00,3404,182,1522,1699,364,3040
2019-07-04T21:00:00,2936,203,1214,1518,285,2651
2019-07-04T22:00:00,1878,65,843,970,167,1711
2019-07-04T23:00:00,1326,134,478,713,71,1255
2019-07-05T00:00:00,1277,73,377,827,52,1225
2019-07-05T01:00:00,854,69,184,600,49,805
2019-07-05T02:00:00,707,<20,116,577,33,674
2019-07-05T03:00:00,792,30,107,654,62,729
2019-07-05T04:00:00,1050,22,231,796,100,950
2019-07-05T05:00:00,2715,126,772,1815,607,2108
2019-07-05T06:00:00,5356,207,1968,3180,1637,3719
2019-07-05T07:00:00,6448,316,2572,3559,2210,4238
2019-07-05T08:00:00,5719,330,2175,3213,1246,4473
2019-07-05T09:00:00,6050,379,2514,3157,784,5266
2019-07-05T10:00:00,6714,403,2801,3510,708,6005
2019-07-05T11:00:00,7196,566,2848,3781,672,6523
2019-07-05T12:00:00,6568,337,2546,3685,804,5763
2019-07-05T13:00:00,7153,455,2704,3993,838,6314
2019-07-05T14:00:00,7733,495,2960,4277,916,6817
2019-07-05T15:00:00,8447,568,3159,4720,1254,7193
2019-07-05T16:00:00,8473,575,3638,4259,1591,6881
2019-07-05T17:00:00,8024,638,3462,3923,1710,6313
2019-07-05T18:00:00,7420,497,3096,3826,1351,6068
2019-07-05T19:00:00,5548,592,2374,2582,649,4899
2019-07-05T20:00:00,4820,268,1870,2682,437,4382
2019-07-05T21:00:00,3907,215,1462,2229,239,3668
2019-07-05T22:00:00,3844,119,1330,2394,244,3599
2019-07-05T23:00:00,2550,121,793,1635,111,2438
2019-07-06T00:00:00,2371,65,545,1760,71,2299
2019-07-06T01:00:00,2519,60,503,1955,33,2485
2019-07-06T02:00:00,1949,34,266,1648,42,1907
2019-07-06T03:00:00,2201,45,299,1856,83,2118
2019-07-06T04:00:00,2603,34,347,2221,119,2484
2019-07-06T05:00:00,3423,126,585,2711,189,3234
2019-07-06T06:00:00,4054,84,901,3067,326,3727
2019-07-06T07:00:00,5267,191,1612,3463,337,4929
2019-07-06T08:00:00,6721,344,2372,4004,419,6302
2019-07-06T09:00:00,8098,485,2981,4631,400,7697
2019-07-06T10:00:00,9237,496,3500,5241,399,8838
2019-07-06T11:00:00,9097,509,3469,5118,381,8716
2019-07-06T12:00:00,8116,366,3187,4563,372,7744
2019-07-06T13:00:00,7544,422,2989,4132,284,7260
2019-07-06T14:00:00,8071,433,3142,4494,314,7757
2019-07-06T15:00:00,7719,357,2862,4499,287,7431
2019-07-06T16:00:00,7679,441,3003,4233,349,7330
2019-07-06T17:00:00,7018,344,3095,3578,383,6634
2019-07-06T18:00:00,5524,286,2697,2540,296,5227
2019-07-06T19:00:00,4344,199,2079,2065,236,4108
2019-07-06T20:00:00,3175,214,1371,1589,172,3003
2019-07-06T21:00:00,2741,160,1199,1381,142,2598
2019-07-06T22:00:00,2451,62,1206,1182,99,2352
2019-07-06T23:00:00,1983,53,855,1074,80,1902
2019-07-07T00:00:00,1909,54,639,1216,53,1856
2019-07-07T01:00:00,1423,30,427,965,45,1378
2019-07-07T02:00:00,1286,41,330,915,36,1250
2019-07-07T03:00:00,1542,<20,283,1241,46,1495
2019-07-07T04:00:00,1509,<20,256,1237,46,1463
2019-07-07T05:00:00,2093,79,347,1665,102,1991
2019-07-07T06:00:00,2764,81,651,2030,155,2608
2019-07-07T07:00:00,3380,120,921,2338,154,3225
2019-07-07T08:00:00,4943,232,1619,3091,185,4757
2019-07-07T09:00:00,6755,293,2667,3794,230,6525
2019-07-07T10:00:00,7843,353,3126,4363,255,7587
2019-07-07T11:00:00,8730,489,3432,4807,279,8450
2019-07-07T12:00:00,7400,398,2866,4134,237,7162
2019-07-07T13:00:00,7298,411,2624,4261,264,7033
2019-07-07T14:00:00,8030,498,2984,4546,261,7769
2019-07-07T15:00:00,8101,351,3071,4677,249,7851
2019-07-07T16:00:00,8389,643,3180,4565,285,8103
2019-07-07T17:00:00,7564,454,3061,4048,277,7286
2019-07-07T18:00:00,7029,523,3083,3422,307,6721
2019-07-07T19:00:00,6342,612,2699,3030,327,6015
2019-07-07T20:00:00,4269,277,1901,2090,214,4054
2019-07-07T21:00:00,3709,300,1579,1830,178,3531
2019-07-07T22:00:00,2602,85,1160,1356,109,2492
2019-07-07T23:00:00,1606,30,606,969,74,1532
2019-07-08T00:00:00,1182,39,349,792,44,1138
2019-07-08T01:00:00,663,<20,141,515,29,633
2019-07-08T02:00:00,612,<20,105,503,<20,598
2019-07-08T03:00:00,983,<20,189,786,58,925
2019-07-08T04:00:00,1206,<20,212,979,153,1053
2019-07-08T05:00:00,3024,144,836,2043,655,2368
2019-07-08T06:00:00,5898,248,2001,3648,1825,4073
2019-07-08T07:00:00,6896,409,2639,3847,2535,4360
2019-07-08T08:00:00,5746,360,2276,3109,1402,4343
2019-07-08T09:00:00,6245,443,2323,3478,910,5335
2019-07-08T10:00:00,6594,398,2592,3603,762,5831
2019-07-08T11:00:00,6243,299,2491,3452,705,5537
2019-07-08T12:00:00,6028,456,2352,3219,775,5252
2019-07-08T13:00:00,6089,400,2508,3180,812,5276
2019-07-08T14:00:00,6667,377,2719,3570,805,5861
2019-07-08T15:00:00,6908,399,2716,3792,989,5919
2019-07-08T16:00:00,7656,485,3133,4038,1601,6054
2019-07-08T17:00:00,7436,429,3199,3806,1973,5462
2019-07-08T18:00:00,5800,294,2691,2814,1519,4280
2019-07-08T19:00:00,4074,354,1852,1866,634,3439
2019-07-08T20:00:00,2606,265,1145,1195,233,2372
2019-07-08T21:00:00,1964,183,927,854,197,1767
2019-07-08T22:00:00,1878,98,855,924,163,1714
2019-07-08T23:00:00,998,95,451,451,47,950
2019-07-09T00:00:00,823,71,248,503,45,778
2019-07-09T01:00:00,640,45,137,457,29,611
2019-07-09T02:00:00,447,28,93,324,37,409
2019-07-09T03:00:00,436,<20,92,324,29,407
2019-07-09T04:00:00,764,32,190,540,107,656
2019-07-09T05:00:00,2301,147,744,1409,578,1723
2019-07-09T06:00:00,5175,245,1897,3032,1757,3418
2019-07-09T07:00:00,6266,371,2579,3315,2295,3971
2019-07-09T08:00:00,5669,390,2307,2970,1419,4249
2019-07-09T09:00:00,5550,361,2427,2762,879,4671
2019-07-09T10:00:00,5968,370,2528,3069,718,5249
2019-07-09T11:00:00,6048,403,2548,3096,639,5409
2019-07-09T12:00:00,5200,300,2207,2691,700,4499
2019-07-09T13:00:00,5639,345,2320,2973,773,4866
2019-07-09T14:00:00,6574,418,2655,3500,854,5720
2019-07-09T15:00:00,6671,392,2635,3643,974,5696
2019-07-09T16:00:00,7362,472,3148,3742,1552,5810
2019-07-09T17:00:00,7210,507,3164,3538,2013,5197
2019-07-09T18:00:00,5873,388,2687,2797,1535,4337
2019-07-09T19:00:00,4110,249,1957,1903,754,3356
2019-07-09T20:00:00,2746,220,1141,1384,280,2465
2019-07-09T21:00:00,2062,129,967,965,190,1871
2019-07-09T22:00:00,1936,89,938,908,157,1778
2019-07-09T23:00:00,1186,114,489,581,70,1116
2019-07-10T00:00:00,782,55,258,468,30,751
2019-07-10T01:00:00,491,40,112,338,24,467
2019-07-10T02:00:00,429,<20,78,337,<20,413
2019-07-10T03:00:00,513,34,87,391,46,466
2019-07-10T04:00:00,745,<20,188,550,94,651
2019-07-10T05:00:00,2324,164,706,1454,542,1782
2019-07-10T06:00:00,5179,242,1957,2979,1686,3492
2019-07-10T07:00:00,6559,417,2559,3583,2226,4333
2019-07-10T08:00:00,5645,325,2273,3046,1349,4295
2019-07-10T09:00:00,6121,456,2406,3259,793,5328
2019-07-10T10:00:00,6549,340,2565,3643,658,5890
2019-07-10T11:00:00,6092,402,2393,3296,711,5380
2019-07-10T12:00:00,5760,305,2344,3110,790,4969
2019-07-10T13:00:00,6030,364,2411,3255,817,5213
2019-07-10T14:00:00,6629,384,2644,3599,777,5851
2019-07-10T15:00:00,6418,325,2594,3497,956,5461
2019-07-10T16:00:00,7374,381,3181,3811,1479,5895
2019-07-10T17:00:00,7323,475,3157,3690,1818,5504
2019-07-10T18:00:00,5745,393,2567,2784,1401,4343
2019-07-10T19:00:00,4197,430,1924,1841,660,3536
2019-07-10T20:00:00,2653,152,1142,1358,284,2369
2019-07-10T21:00:00,2248,141,943,1163,197,2051
2019-07-10T22:00:00,1753,87,833,831,133,1619
2019-07-10T23:00:00,1117,51,465,599,63,1053
2019-07-11T00:00:00,782,76,264,441,55,727
2019-07-11T01:00:00,929,64,168,696,41,887
2019-07-11T02:00:00,612,<20,95,503,<20,598
2019-07-11T03:00:00,603,23,71,509,30,572
2019-07-11T04:00:00,777,<20,168,592,100,676
2019-07-11T05:00:00,2251,154,679,1417,517,1733
2019-07-11T06:00:00,4823,201,1805,2816,1511,3312
2019-07-11T07:00:00,5865,277,2377,3210,1947,3917
2019-07-11T08:00:00,5340,313,2083,2943,1182,4157
2019-07-11T09:00:00,5587,372,2130,3085,781,4805
2019-07-11T10:00:00,6169,342,2380,3446,628,5540
2019-07-11T11:00:00,5938,458,2324,3156,576,5362
2019-07-11T12:00:00,5348,299,2131,2918,670,4678
2019-07-11T13:00:00,6055,352,2475,3226,681,5373
2019-07-11T14:00:00,6647,404,2498,3744,722,5924
2019-07-11T15:00:00,6520,384,2601,3535,868,5652
2019-07-11T16:00:00,7457,427,3022,4007,1345,6111
2019-07-11T17:00:00,6709,490,3022,3197,1522,5187
2019-07-11T18:00:00,5583,343,2532,2708,1234,4349
2019-07-11T19:00:00,4739,500,1851,2387,712,4027
2019-07-11T20:00:00,3223,132,1238,1853,327,2896
2019-07-11T21:00:00,2941,230,992,1718,292,2648
2019-07-11T22:00:00,2112,78,884,1149,168,1944
2019-07-11T23:00:00,1389,113,576,699,99,1290
2019-07-12T00:00:00,1336,64,490,781,49,1287
2019-07-12T01:00:00,980,31,243,705,51,929
2019-07-12T02:00:00,842,39,123,679,30,812
2019-07-12T03:00:00,912,24,129,757,34,877
2019-07-12T04:00:00,1045,<20,183,843,96,949
2019-07-12T05:00:00,2626,117,636,1873,490,2136
2019-07-12T06:00:00,4863,219,1680,2964,1381,3482
2019-07-12T07:00:00,5708,253,2167,3287,1750,3957
2019-07-12T08:00:00,5466,339,2002,3125,1039,4427
2019-07-12T09:00:00,5959,390,2245,3323,654,5304
2019-07-12T10:00:00,6343,325,2568,3450,557,5786
2019-07-12T11:00:00,6628,472,2530,3625,584,6043
2019-07-12T12:00:00,6274,312,2463,3498,687,5587
2019-07-12T13:00:00,7062,399,2681,3980,762,6299
2019-07-12T14:00:00,7827,448,2991,4387,836,6990
2019-07-12T15:00:00,7618,424,2929,4265,1048,6570
2019-07-12T16:00:00,7691,490,3267,3933,1393,6297
2019-07-12T17:00:00,7117,606,2967,3543,1381,5735
2019-07-12T18:00:00,6806,359,2829,3618,1060,5745
2019-07-12T19:00:00,6567,644,2394,3528,816,5751
2019-07-12T20:00:00,5268,279,1821,3167,467,4801
2019-07-12T21:00:00,4293,403,1465,2424,330,3963
2019-07-12T22:00:00,4047,126,1291,2629,241,3805
2019-07-12T23:00:00,2544,98,808,1637,99,2445
2019-07-13T00:00:00,2581,65,569,1947,68,2512
2019-07-13T01:00:00,2647,67,543,2036,63,2583
2019-07-13T02:00:00,2333,<20,400,1920,58,2274
2019-07-13T03:00:00,2320,41,298,1980,89,2231
2019-07-13T04:00:00,2628,33,377,2217,107,2520
2019-07-13T05:00:00,3229,72,511,2645,137,3091
2019-07-13T06:00:00,4353,102,965,3285,283,4070
2019-07-13T07:00:00,5272,175,1430,3667,285,4987
2019-07-13T08:00:00,7017,344,2082,4591,346,6670
2019-07-13T09:00:00,8601,554,2918,5129,338,8263
2019-07-13T10:00:00,9311,463,3567,5281,282,9028
2019-07-13T11:00:00,9543,568,3586,5387,321,9221
2019-07-13T12:00:00,8779,391,3255,5132,331,8448
2019-07-13T13:00:00,8648,402,3228,5018,312,8336
2019-07-13T14:00:00,8984,374,3335,5274,273,8710
2019-07-13T15:00:00,8577,357,3275,4944,283,8293
2019-07-13T16:00:00,7594,421,2983,4190,286,7308
2019-07-13T17:00:00,6890,302,2866,3720,331,6559
2019-07-13T18:00:00,6391,246,2808,3336,313,6077
2019-07-13T19:00:00,5012,334,2185,2492,263,4748
2019-07-13T20:00:00,3419,167,1442,1810,156,3262
2019-07-13T21:00:00,3196,184,1399,1611,148,3047
2019-07-13T22:00:00,2608,79,1149,1379,101,2506
2019-07-13T23:00:00,1968,39,833,1095,78,1890
2019-07-14T00:00:00,2288,43,876,1368,50,2237
2019-07-14T01:00:00,1889,39,609,1240,40,1848
2019-07-14T02:00:00,1583,30,332,1220,40,1542
2019-07-14T03:00:00,1536,<20,269,1258,54,1481
2019-07-14T04:00:00,1966,<20,317,1636,79,1886
2019-07-14T05:00:00,2279,73,408,1797,77,2201
2019-07-14T06:00:00,3022,77,563,2381,114,2908
2019-07-14T07:00:00,3396,104,749,2542,104,3291
2019-07-14T08:00:00,5020,214,1578,3226,165,4855
2019-07-14T09:00:00,6887,357,2384,4145,228,6659
2019-07-14T10:00:00,7900,309,3219,4371,230,7670
2019-07-14T11:00:00,8545,453,3506,4586,234,8311
2019-07-14T12:00:00,7617,346,2883,4387,207,7409
2019-07-14T13:00:00,7576,385,2758,4432,228,7347
2019-07-14T14:00:00,8093,474,2816,4802,241,7852
2019-07-14T15:00:00,7870,395,3003,4472,235,7635
2019-07-14T16:00:00,7745,659,3022,4063,242,7503
2019-07-14T17:00:00,7885,423,3000,4461,272,7613
2019-07-14T18:00:00,7231,457,2746,4027,273,6958
2019-07-14T19:00:00,5330,321,2264,2745,230,5100
2019-07-14T20:00:00,4247,481,1575,2190,211,4035
2019-07-14T21:00:00,3214,196,1200,1817,172,3041
2019-07-14T22:00:00,2180,79,850,1251,84,2096
2019-07-14T23:00:00,1199,26,483,689,28,1170
