Date,District To Id,District To Name,Count
2019-05-27,2104,Locarno,4419
2019-05-27,24,Neuchâtel,49
2019-05-27,1724,Werdenberg,52
2019-05-27,25,Genève,69
2019-05-27,110,Winterthur,40
2019-05-27,2301,Brig,21
2019-05-27,1847,Moesa,592
2019-05-27,2105,Lugano,54934
2019-05-27,106,Horgen,72
2019-05-27,2103,Leventina,591
2019-05-27,312,Luzern-Land,53
2019-05-27,1723,Rheintal,67
2019-05-27,2313,Visp,57
2019-05-27,1106,Wasseramt,21
2019-05-27,1851,Viamala,84
2019-05-27,9,Zug,101
2019-05-27,109,Uster,57
2019-05-27,1842,Bernina,55
2019-05-27,2108,Vallemaggia,117
2019-05-27,503,Höfe,29
2019-05-27,311,Luzern-Stadt,217
2019-05-27,1846,Maloja,56
2019-05-27,1301,Arlesheim,51
2019-05-27,2225,Lausanne,34
2019-05-27,12,Basel-Stadt,176
2019-05-27,313,Hochdorf,41
2019-05-27,103,Bülach,106
2019-05-27,1841,Albula,21
2019-05-27,2101,Bellinzona,9036
2019-05-27,2107,Riviera,727
2019-05-27,112,Zürich,643
2019-05-27,1845,Landquart,21
2019-05-27,314,Sursee,22
2019-05-27,250,Interlaken-Oberhasli,24
2019-05-27,104,Dielsdorf,28
2019-05-27,1721,St. Gallen,22
2019-05-27,1101,Gäu,21
2019-05-27,246,Bern-Mittelland,145
2019-05-27,2102,Blenio,237
2019-05-27,107,Meilen,35
2019-05-27,4,Uri,309
2019-05-27,506,Schwyz,61
2019-05-27,1004,La Sarine,37
2019-05-27,1902,Baden,40
2019-05-27,111,Dietikon,42
2019-05-27,1848,Plessur,35
2019-05-27,2106,Mendrisio,24868
2019-05-27,-1,Other,751
2019-05-28,2104,Locarno,4324
2019-05-28,1724,Werdenberg,39
2019-05-28,25,Genève,108
2019-05-28,110,Winterthur,53
2019-05-28,1847,Moesa,576
2019-05-28,2105,Lugano,56957
2019-05-28,106,Horgen,51
2019-05-28,2103,Leventina,611
2019-05-28,312,Luzern-Land,44
2019-05-28,2011,Arbon,35
2019-05-28,1723,Rheintal,68
2019-05-28,2313,Visp,26
2019-05-28,1851,Viamala,45
2019-05-28,9,Zug,83
2019-05-28,109,Uster,27
2019-05-28,1842,Bernina,29
2019-05-28,2108,Vallemaggia,108
2019-05-28,311,Luzern-Stadt,164
2019-05-28,1846,Maloja,47
2019-05-28,1301,Arlesheim,36
2019-05-28,2225,Lausanne,34
2019-05-28,12,Basel-Stadt,98
2019-05-28,313,Hochdorf,27
2019-05-28,7,Nidwalden,24
2019-05-28,103,Bülach,118
2019-05-28,2101,Bellinzona,10046
2019-05-28,2107,Riviera,719
2019-05-28,112,Zürich,557
2019-05-28,1849,Prättigau/Davos,26
2019-05-28,314,Sursee,39
2019-05-28,1108,Olten,30
2019-05-28,1721,St. Gallen,25
2019-05-28,246,Bern-Mittelland,89
2019-05-28,2102,Blenio,229
2019-05-28,107,Meilen,56
2019-05-28,4,Uri,219
2019-05-28,506,Schwyz,66
2019-05-28,1902,Baden,61
2019-05-28,111,Dietikon,25
2019-05-28,1848,Plessur,29
2019-05-28,2106,Mendrisio,25842
2019-05-28,-1,Other,768
2019-05-29,101,Affoltern,24
2019-05-29,1850,Surselva,31
2019-05-29,2104,Locarno,4052
2019-05-29,1724,Werdenberg,62
2019-05-29,25,Genève,47
2019-05-29,110,Winterthur,50
2019-05-29,2301,Brig,21
2019-05-29,1847,Moesa,584
2019-05-29,2105,Lugano,63301
2019-05-29,106,Horgen,75
2019-05-29,2103,Leventina,704
2019-05-29,312,Luzern-Land,54
2019-05-29,6,Obwalden,80
2019-05-29,248,Obersimmental-Saanen,26
2019-05-29,1723,Rheintal,64
2019-05-29,1910,Zofingen,23
2019-05-29,1851,Viamala,66
2019-05-29,9,Zug,72
2019-05-29,109,Uster,62
2019-05-29,1842,Bernina,50
2019-05-29,2108,Vallemaggia,132
2019-05-29,503,Höfe,27
2019-05-29,311,Luzern-Stadt,156
2019-05-29,1846,Maloja,72
2019-05-29,1301,Arlesheim,53
2019-05-29,2225,Lausanne,25
2019-05-29,12,Basel-Stadt,136
2019-05-29,313,Hochdorf,46
2019-05-29,7,Nidwalden,70
2019-05-29,103,Bülach,91
2019-05-29,1909,Rheinfelden,29
2019-05-29,1841,Albula,22
2019-05-29,2101,Bellinzona,10015
2019-05-29,2107,Riviera,768
2019-05-29,112,Zürich,568
2019-05-29,1901,Aarau,24
2019-05-29,1849,Prättigau/Davos,21
2019-05-29,314,Sursee,55
2019-05-29,250,Interlaken-Oberhasli,28
2019-05-29,104,Dielsdorf,23
2019-05-29,1721,St. Gallen,25
2019-05-29,246,Bern-Mittelland,96
2019-05-29,2102,Blenio,329
2019-05-29,107,Meilen,31
2019-05-29,4,Uri,274
2019-05-29,506,Schwyz,117
2019-05-29,1902,Baden,62
2019-05-29,111,Dietikon,38
2019-05-29,1848,Plessur,42
2019-05-29,2106,Mendrisio,30652
2019-05-29,-1,Other,705
2019-05-30,101,Affoltern,24
2019-05-30,1850,Surselva,42
2019-05-30,2104,Locarno,3000
2019-05-30,2014,Münchwilen,21
2019-05-30,1724,Werdenberg,86
2019-05-30,25,Genève,27
2019-05-30,110,Winterthur,55
2019-05-30,1847,Moesa,454
2019-05-30,2105,Lugano,37681
2019-05-30,106,Horgen,46
2019-05-30,2103,Leventina,757
2019-05-30,312,Luzern-Land,55
2019-05-30,6,Obwalden,46
2019-05-30,1723,Rheintal,91
2019-05-30,1851,Viamala,61
2019-05-30,9,Zug,109
2019-05-30,109,Uster,33
2019-05-30,1842,Bernina,88
2019-05-30,2108,Vallemaggia,204
2019-05-30,311,Luzern-Stadt,244
2019-05-30,1846,Maloja,81
2019-05-30,1301,Arlesheim,22
2019-05-30,12,Basel-Stadt,186
2019-05-30,313,Hochdorf,25
2019-05-30,7,Nidwalden,38
2019-05-30,103,Bülach,97
2019-05-30,2101,Bellinzona,3180
2019-05-30,2107,Riviera,380
2019-05-30,112,Zürich,564
2019-05-30,1845,Landquart,36
2019-05-30,1901,Aarau,31
2019-05-30,314,Sursee,78
2019-05-30,250,Interlaken-Oberhasli,38
2019-05-30,104,Dielsdorf,26
2019-05-30,1108,Olten,33
2019-05-30,1903,Bremgarten,23
2019-05-30,1101,Gäu,21
2019-05-30,246,Bern-Mittelland,50
2019-05-30,2230,Riviera-Pays-d'Enhaut,26
2019-05-30,2102,Blenio,351
2019-05-30,1725,Sarganserland,38
2019-05-30,107,Meilen,25
2019-05-30,242,Biel/Bienne,23
2019-05-30,4,Uri,298
2019-05-30,506,Schwyz,100
2019-05-30,111,Dietikon,22
2019-05-30,1848,Plessur,41
2019-05-30,2106,Mendrisio,20490
2019-05-30,-1,Other,736
2019-05-31,101,Affoltern,39
2019-05-31,1850,Surselva,41
2019-05-31,2104,Locarno,4783
2019-05-31,24,Neuchâtel,24
2019-05-31,1724,Werdenberg,71
2019-05-31,25,Genève,49
2019-05-31,110,Winterthur,53
2019-05-31,1907,Lenzburg,22
2019-05-31,2301,Brig,27
2019-05-31,1847,Moesa,535
2019-05-31,2105,Lugano,57766
2019-05-31,106,Horgen,51
2019-05-31,2103,Leventina,695
2019-05-31,312,Luzern-Land,70
2019-05-31,6,Obwalden,65
2019-05-31,1723,Rheintal,100
2019-05-31,1910,Zofingen,35
2019-05-31,1851,Viamala,121
2019-05-31,9,Zug,136
2019-05-31,109,Uster,41
2019-05-31,1842,Bernina,76
2019-05-31,2108,Vallemaggia,175
2019-05-31,503,Höfe,26
2019-05-31,311,Luzern-Stadt,215
2019-05-31,1846,Maloja,131
2019-05-31,1301,Arlesheim,41
2019-05-31,1403,Schaffhausen,22
2019-05-31,12,Basel-Stadt,173
2019-05-31,313,Hochdorf,41
2019-05-31,7,Nidwalden,38
2019-05-31,103,Bülach,85
2019-05-31,1909,Rheinfelden,49
2019-05-31,1841,Albula,56
2019-05-31,2101,Bellinzona,7573
2019-05-31,1726,See-Gaster,24
2019-05-31,2107,Riviera,571
2019-05-31,112,Zürich,563
2019-05-31,1845,Landquart,26
2019-05-31,1901,Aarau,21
2019-05-31,314,Sursee,76
2019-05-31,250,Interlaken-Oberhasli,24
2019-05-31,1844,Imboden,23
2019-05-31,1108,Olten,30
2019-05-31,1721,St. Gallen,40
2019-05-31,1101,Gäu,43
2019-05-31,246,Bern-Mittelland,106
2019-05-31,2102,Blenio,376
2019-05-31,315,Willisau,24
2019-05-31,1725,Sarganserland,35
2019-05-31,1303,Liestal,21
2019-05-31,107,Meilen,78
2019-05-31,242,Biel/Bienne,22
2019-05-31,4,Uri,353
2019-05-31,506,Schwyz,118
2019-05-31,1902,Baden,37
2019-05-31,501,Einsiedeln,22
2019-05-31,111,Dietikon,52
2019-05-31,1848,Plessur,41
2019-05-31,2106,Mendrisio,23209
2019-05-31,-1,Other,723
2019-06-01,101,Affoltern,52
2019-06-01,1850,Surselva,49
2019-06-01,2104,Locarno,3886
2019-06-01,247,Thun,21
2019-06-01,24,Neuchâtel,39
2019-06-01,1724,Werdenberg,70
2019-06-01,25,Genève,33
2019-06-01,110,Winterthur,83
2019-06-01,1907,Lenzburg,26
2019-06-01,2301,Brig,87
2019-06-01,1847,Moesa,611
2019-06-01,2105,Lugano,47870
2019-06-01,106,Horgen,123
2019-06-01,1843,Engiadina Bassa/Val Müstair,25
2019-06-01,2103,Leventina,1796
2019-06-01,312,Luzern-Land,61
2019-06-01,2011,Arbon,30
2019-06-01,6,Obwalden,86
2019-06-01,2307,Martigny,22
2019-06-01,1723,Rheintal,195
2019-06-01,2313,Visp,25
2019-06-01,1910,Zofingen,21
2019-06-01,1851,Viamala,146
2019-06-01,9,Zug,95
2019-06-01,109,Uster,88
2019-06-01,1842,Bernina,50
2019-06-01,2108,Vallemaggia,197
2019-06-01,503,Höfe,25
2019-06-01,105,Hinwil,49
2019-06-01,311,Luzern-Stadt,248
2019-06-01,1846,Maloja,66
2019-06-01,1301,Arlesheim,96
2019-06-01,2225,Lausanne,27
2019-06-01,1403,Schaffhausen,36
2019-06-01,12,Basel-Stadt,264
2019-06-01,313,Hochdorf,53
2019-06-01,7,Nidwalden,52
2019-06-01,245,Emmental,30
2019-06-01,103,Bülach,101
2019-06-01,1909,Rheinfelden,31
2019-06-01,108,Pfäffikon,26
2019-06-01,1841,Albula,66
2019-06-01,2101,Bellinzona,5301
2019-06-01,1726,See-Gaster,28
2019-06-01,2107,Riviera,489
2019-06-01,112,Zürich,622
2019-06-01,1845,Landquart,112
2019-06-01,2012,Frauenfeld,22
2019-06-01,1901,Aarau,55
2019-06-01,1849,Prättigau/Davos,26
2019-06-01,314,Sursee,62
2019-06-01,2013,Kreuzlingen,46
2019-06-01,250,Interlaken-Oberhasli,36
2019-06-01,1844,Imboden,36
2019-06-01,104,Dielsdorf,37
2019-06-01,1108,Olten,40
2019-06-01,1721,St. Gallen,57
2019-06-01,1903,Bremgarten,33
2019-06-01,8,Glarus,32
2019-06-01,246,Bern-Mittelland,105
2019-06-01,2102,Blenio,362
2019-06-01,1725,Sarganserland,73
2019-06-01,1303,Liestal,25
2019-06-01,107,Meilen,100
2019-06-01,4,Uri,364
2019-06-01,506,Schwyz,141
2019-06-01,1004,La Sarine,27
2019-06-01,1902,Baden,48
2019-06-01,111,Dietikon,65
2019-06-01,1848,Plessur,86
2019-06-01,2106,Mendrisio,18269
2019-06-01,-1,Other,660
2019-06-02,101,Affoltern,53
2019-06-02,1850,Surselva,63
2019-06-02,2104,Locarno,2685
2019-06-02,1728,Wil,38
2019-06-02,2227,Morges,22
2019-06-02,24,Neuchâtel,43
2019-06-02,1724,Werdenberg,111
2019-06-02,1904,Brugg,25
2019-06-02,25,Genève,122
2019-06-02,110,Winterthur,132
2019-06-02,1907,Lenzburg,21
2019-06-02,2301,Brig,265
2019-06-02,1847,Moesa,1645
2019-06-02,2105,Lugano,36849
2019-06-02,106,Horgen,118
2019-06-02,2103,Leventina,2404
2019-06-02,312,Luzern-Land,90
2019-06-02,6,Obwalden,62
2019-06-02,1723,Rheintal,202
2019-06-02,2313,Visp,40
2019-06-02,2228,Nyon,35
2019-06-02,1910,Zofingen,44
2019-06-02,1402,Reiat,34
2019-06-02,1851,Viamala,187
2019-06-02,9,Zug,206
2019-06-02,109,Uster,78
2019-06-02,1842,Bernina,61
2019-06-02,2108,Vallemaggia,185
2019-06-02,105,Hinwil,54
2019-06-02,244,Oberaargau,29
2019-06-02,311,Luzern-Stadt,356
2019-06-02,1846,Maloja,74
2019-06-02,2221,Aigle,22
2019-06-02,1301,Arlesheim,144
2019-06-02,2225,Lausanne,108
2019-06-02,1403,Schaffhausen,57
2019-06-02,12,Basel-Stadt,382
2019-06-02,313,Hochdorf,34
2019-06-02,2229,Ouest lausannois,22
2019-06-02,7,Nidwalden,66
2019-06-02,103,Bülach,159
2019-06-02,108,Pfäffikon,28
2019-06-02,2101,Bellinzona,3518
2019-06-02,1726,See-Gaster,58
2019-06-02,505,March,31
2019-06-02,2107,Riviera,396
2019-06-02,112,Zürich,1342
2019-06-02,1845,Landquart,78
2019-06-02,2012,Frauenfeld,32
2019-06-02,1901,Aarau,56
2019-06-02,1849,Prättigau/Davos,33
2019-06-02,314,Sursee,56
2019-06-02,2013,Kreuzlingen,55
2019-06-02,104,Dielsdorf,35
2019-06-02,2226,Lavaux-Oron,21
2019-06-02,1108,Olten,85
2019-06-02,1721,St. Gallen,82
2019-06-02,1903,Bremgarten,25
2019-06-02,246,Bern-Mittelland,218
2019-06-02,2230,Riviera-Pays-d'Enhaut,23
2019-06-02,2102,Blenio,372
2019-06-02,1725,Sarganserland,39
2019-06-02,1303,Liestal,26
2019-06-02,107,Meilen,74
2019-06-02,242,Biel/Bienne,37
2019-06-02,4,Uri,270
2019-06-02,506,Schwyz,159
2019-06-02,1004,La Sarine,60
2019-06-02,1902,Baden,97
2019-06-02,111,Dietikon,103
2019-06-02,1848,Plessur,32
2019-06-02,2106,Mendrisio,13979
2019-06-02,-1,Other,643
2019-06-03,101,Affoltern,22
2019-06-03,1850,Surselva,47
2019-06-03,2104,Locarno,4420
2019-06-03,24,Neuchâtel,36
2019-06-03,1724,Werdenberg,72
2019-06-03,25,Genève,104
2019-06-03,110,Winterthur,60
2019-06-03,2301,Brig,33
2019-06-03,1847,Moesa,599
2019-06-03,2105,Lugano,57517
2019-06-03,106,Horgen,67
2019-06-03,2103,Leventina,1234
2019-06-03,312,Luzern-Land,60
2019-06-03,6,Obwalden,59
2019-06-03,1723,Rheintal,88
2019-06-03,2313,Visp,25
2019-06-03,1910,Zofingen,26
2019-06-03,1851,Viamala,83
2019-06-03,9,Zug,100
2019-06-03,109,Uster,33
2019-06-03,1842,Bernina,24
2019-06-03,2108,Vallemaggia,99
2019-06-03,503,Höfe,38
2019-06-03,105,Hinwil,21
2019-06-03,311,Luzern-Stadt,216
2019-06-03,1846,Maloja,56
2019-06-03,1301,Arlesheim,61
2019-06-03,2225,Lausanne,36
2019-06-03,12,Basel-Stadt,197
2019-06-03,313,Hochdorf,24
2019-06-03,7,Nidwalden,42
2019-06-03,103,Bülach,98
2019-06-03,2101,Bellinzona,8825
2019-06-03,2107,Riviera,697
2019-06-03,112,Zürich,688
2019-06-03,1845,Landquart,43
2019-06-03,1901,Aarau,23
2019-06-03,314,Sursee,40
2019-06-03,2013,Kreuzlingen,32
2019-06-03,250,Interlaken-Oberhasli,32
2019-06-03,104,Dielsdorf,27
2019-06-03,1108,Olten,23
2019-06-03,1721,St. Gallen,37
2019-06-03,1903,Bremgarten,29
2019-06-03,246,Bern-Mittelland,135
2019-06-03,2102,Blenio,272
2019-06-03,315,Willisau,21
2019-06-03,1725,Sarganserland,44
2019-06-03,1303,Liestal,21
2019-06-03,107,Meilen,66
2019-06-03,242,Biel/Bienne,22
2019-06-03,4,Uri,225
2019-06-03,506,Schwyz,51
2019-06-03,1004,La Sarine,26
2019-06-03,1902,Baden,58
2019-06-03,111,Dietikon,44
2019-06-03,1848,Plessur,35
2019-06-03,2106,Mendrisio,23836
2019-06-03,-1,Other,629
2019-06-04,101,Affoltern,24
2019-06-04,2104,Locarno,4396
2019-06-04,247,Thun,25
2019-06-04,1724,Werdenberg,41
2019-06-04,25,Genève,58
2019-06-04,110,Winterthur,31
2019-06-04,1907,Lenzburg,26
2019-06-04,1847,Moesa,537
2019-06-04,2105,Lugano,59989
2019-06-04,106,Horgen,47
2019-06-04,2103,Leventina,584
2019-06-04,312,Luzern-Land,51
2019-06-04,6,Obwalden,55
2019-06-04,1723,Rheintal,65
2019-06-04,2313,Visp,48
2019-06-04,1851,Viamala,55
2019-06-04,9,Zug,117
2019-06-04,109,Uster,26
2019-06-04,1842,Bernina,57
2019-06-04,2108,Vallemaggia,127
2019-06-04,311,Luzern-Stadt,213
2019-06-04,1846,Maloja,51
2019-06-04,1301,Arlesheim,48
2019-06-04,2225,Lausanne,28
2019-06-04,12,Basel-Stadt,132
2019-06-04,313,Hochdorf,38
2019-06-04,7,Nidwalden,61
2019-06-04,103,Bülach,77
2019-06-04,2101,Bellinzona,9611
2019-06-04,2107,Riviera,763
2019-06-04,112,Zürich,534
2019-06-04,1845,Landquart,37
2019-06-04,314,Sursee,50
2019-06-04,104,Dielsdorf,21
2019-06-04,1108,Olten,21
2019-06-04,1721,St. Gallen,30
2019-06-04,1903,Bremgarten,25
2019-06-04,1101,Gäu,24
2019-06-04,246,Bern-Mittelland,96
2019-06-04,2102,Blenio,251
2019-06-04,315,Willisau,23
2019-06-04,1725,Sarganserland,23
2019-06-04,107,Meilen,48
2019-06-04,4,Uri,249
2019-06-04,506,Schwyz,61
2019-06-04,1004,La Sarine,25
2019-06-04,1902,Baden,46
2019-06-04,111,Dietikon,26
2019-06-04,1848,Plessur,33
2019-06-04,2106,Mendrisio,25661
2019-06-04,-1,Other,706
2019-06-05,2104,Locarno,4392
2019-06-05,1728,Wil,22
2019-06-05,24,Neuchâtel,22
2019-06-05,1724,Werdenberg,40
2019-06-05,25,Genève,73
2019-06-05,110,Winterthur,63
2019-06-05,1847,Moesa,554
2019-06-05,2105,Lugano,59328
2019-06-05,106,Horgen,55
2019-06-05,2103,Leventina,695
2019-06-05,312,Luzern-Land,84
2019-06-05,6,Obwalden,26
2019-06-05,1723,Rheintal,79
2019-06-05,2313,Visp,25
2019-06-05,1910,Zofingen,33
2019-06-05,1851,Viamala,62
2019-06-05,9,Zug,90
2019-06-05,109,Uster,45
2019-06-05,1842,Bernina,37
2019-06-05,2108,Vallemaggia,135
2019-06-05,503,Höfe,26
2019-06-05,311,Luzern-Stadt,173
2019-06-05,1846,Maloja,57
2019-06-05,1301,Arlesheim,55
2019-06-05,2225,Lausanne,50
2019-06-05,12,Basel-Stadt,216
2019-06-05,313,Hochdorf,71
2019-06-05,7,Nidwalden,211
2019-06-05,103,Bülach,130
2019-06-05,1841,Albula,21
2019-06-05,2101,Bellinzona,9362
2019-06-05,1726,See-Gaster,29
2019-06-05,2107,Riviera,792
2019-06-05,112,Zürich,526
2019-06-05,1845,Landquart,28
2019-06-05,314,Sursee,42
2019-06-05,2013,Kreuzlingen,26
2019-06-05,250,Interlaken-Oberhasli,22
2019-06-05,104,Dielsdorf,22
2019-06-05,1108,Olten,38
2019-06-05,1721,St. Gallen,27
2019-06-05,1903,Bremgarten,27
2019-06-05,246,Bern-Mittelland,135
2019-06-05,1908,Muri,26
2019-06-05,2102,Blenio,243
2019-06-05,315,Willisau,25
2019-06-05,107,Meilen,37
2019-06-05,4,Uri,347
2019-06-05,506,Schwyz,131
2019-06-05,1004,La Sarine,22
2019-06-05,1902,Baden,31
2019-06-05,111,Dietikon,35
2019-06-05,1848,Plessur,22
2019-06-05,2106,Mendrisio,25330
2019-06-05,-1,Other,632
2019-06-06,101,Affoltern,24
2019-06-06,1850,Surselva,31
2019-06-06,2104,Locarno,4412
2019-06-06,24,Neuchâtel,29
2019-06-06,1724,Werdenberg,71
2019-06-06,25,Genève,72
2019-06-06,110,Winterthur,59
2019-06-06,2301,Brig,25
2019-06-06,1847,Moesa,582
2019-06-06,2105,Lugano,57631
2019-06-06,106,Horgen,81
2019-06-06,2103,Leventina,573
2019-06-06,312,Luzern-Land,62
2019-06-06,1723,Rheintal,62
2019-06-06,2313,Visp,27
2019-06-06,1851,Viamala,55
2019-06-06,9,Zug,88
2019-06-06,109,Uster,46
2019-06-06,1842,Bernina,28
2019-06-06,2108,Vallemaggia,149
2019-06-06,311,Luzern-Stadt,191
2019-06-06,1846,Maloja,67
2019-06-06,1301,Arlesheim,47
2019-06-06,2225,Lausanne,35
2019-06-06,12,Basel-Stadt,168
2019-06-06,313,Hochdorf,37
2019-06-06,7,Nidwalden,37
2019-06-06,245,Emmental,29
2019-06-06,103,Bülach,132
2019-06-06,1841,Albula,24
2019-06-06,2101,Bellinzona,9814
2019-06-06,2107,Riviera,751
2019-06-06,112,Zürich,492
2019-06-06,1845,Landquart,32
2019-06-06,314,Sursee,45
2019-06-06,250,Interlaken-Oberhasli,44
2019-06-06,104,Dielsdorf,24
2019-06-06,1903,Bremgarten,25
2019-06-06,1101,Gäu,30
2019-06-06,246,Bern-Mittelland,121
2019-06-06,2102,Blenio,294
2019-06-06,315,Willisau,30
2019-06-06,1725,Sarganserland,21
2019-06-06,107,Meilen,37
2019-06-06,4,Uri,217
2019-06-06,506,Schwyz,49
2019-06-06,1004,La Sarine,28
2019-06-06,1902,Baden,32
2019-06-06,111,Dietikon,32
2019-06-06,1848,Plessur,62
2019-06-06,2106,Mendrisio,26390
2019-06-06,-1,Other,700
2019-06-07,101,Affoltern,38
2019-06-07,1850,Surselva,51
2019-06-07,2104,Locarno,4102
2019-06-07,24,Neuchâtel,22
2019-06-07,1724,Werdenberg,86
2019-06-07,25,Genève,105
2019-06-07,110,Winterthur,38
2019-06-07,1907,Lenzburg,21
2019-06-07,1847,Moesa,612
2019-06-07,2105,Lugano,57895
2019-06-07,1911,Zurzach,36
2019-06-07,106,Horgen,48
2019-06-07,2103,Leventina,750
2019-06-07,312,Luzern-Land,64
2019-06-07,6,Obwalden,26
2019-06-07,1723,Rheintal,99
2019-06-07,2313,Visp,48
2019-06-07,1851,Viamala,77
2019-06-07,9,Zug,88
2019-06-07,109,Uster,52
2019-06-07,1842,Bernina,64
2019-06-07,2108,Vallemaggia,174
2019-06-07,244,Oberaargau,27
2019-06-07,311,Luzern-Stadt,205
2019-06-07,1846,Maloja,146
2019-06-07,1301,Arlesheim,64
2019-06-07,2225,Lausanne,29
2019-06-07,12,Basel-Stadt,205
2019-06-07,313,Hochdorf,64
2019-06-07,7,Nidwalden,49
2019-06-07,103,Bülach,120
2019-06-07,1909,Rheinfelden,24
2019-06-07,1841,Albula,84
2019-06-07,2101,Bellinzona,8784
2019-06-07,2107,Riviera,764
2019-06-07,112,Zürich,571
2019-06-07,1845,Landquart,55
2019-06-07,1901,Aarau,27
2019-06-07,1849,Prättigau/Davos,23
2019-06-07,314,Sursee,45
2019-06-07,2013,Kreuzlingen,31
2019-06-07,250,Interlaken-Oberhasli,27
2019-06-07,1108,Olten,21
2019-06-07,1721,St. Gallen,28
2019-06-07,1903,Bremgarten,54
2019-06-07,246,Bern-Mittelland,86
2019-06-07,2102,Blenio,568
2019-06-07,315,Willisau,27
2019-06-07,1725,Sarganserland,31
2019-06-07,1303,Liestal,22
2019-06-07,107,Meilen,33
2019-06-07,242,Biel/Bienne,23
2019-06-07,4,Uri,334
2019-06-07,506,Schwyz,123
2019-06-07,1004,La Sarine,28
2019-06-07,1902,Baden,48
2019-06-07,111,Dietikon,44
2019-06-07,1848,Plessur,22
2019-06-07,2106,Mendrisio,28320
2019-06-07,-1,Other,628
2019-06-08,101,Affoltern,37
2019-06-08,1850,Surselva,35
2019-06-08,2104,Locarno,3354
2019-06-08,1724,Werdenberg,86
2019-06-08,25,Genève,38
2019-06-08,504,Küssnacht (SZ),21
2019-06-08,110,Winterthur,57
2019-06-08,2301,Brig,25
2019-06-08,1847,Moesa,552
2019-06-08,2105,Lugano,44964
2019-06-08,106,Horgen,50
2019-06-08,2103,Leventina,634
2019-06-08,312,Luzern-Land,53
2019-06-08,6,Obwalden,69
2019-06-08,1723,Rheintal,106
2019-06-08,2313,Visp,24
2019-06-08,1910,Zofingen,71
2019-06-08,1851,Viamala,105
2019-06-08,9,Zug,135
2019-06-08,1842,Bernina,88
2019-06-08,2108,Vallemaggia,128
2019-06-08,311,Luzern-Stadt,183
2019-06-08,1846,Maloja,124
2019-06-08,1301,Arlesheim,62
2019-06-08,2225,Lausanne,23
2019-06-08,12,Basel-Stadt,246
2019-06-08,313,Hochdorf,52
2019-06-08,7,Nidwalden,50
2019-06-08,103,Bülach,101
2019-06-08,1909,Rheinfelden,30
2019-06-08,1841,Albula,35
2019-06-08,2101,Bellinzona,5173
2019-06-08,1726,See-Gaster,22
2019-06-08,2107,Riviera,540
2019-06-08,112,Zürich,473
2019-06-08,1845,Landquart,48
2019-06-08,1901,Aarau,35
2019-06-08,314,Sursee,95
2019-06-08,250,Interlaken-Oberhasli,47
2019-06-08,1108,Olten,34
2019-06-08,1903,Bremgarten,21
2019-06-08,246,Bern-Mittelland,64
2019-06-08,2102,Blenio,473
2019-06-08,1725,Sarganserland,28
2019-06-08,1303,Liestal,33
2019-06-08,107,Meilen,24
2019-06-08,4,Uri,512
2019-06-08,506,Schwyz,105
2019-06-08,1004,La Sarine,21
2019-06-08,1902,Baden,41
2019-06-08,111,Dietikon,31
2019-06-08,1848,Plessur,34
2019-06-08,2106,Mendrisio,19013
2019-06-08,-1,Other,683
2019-06-09,101,Affoltern,35
2019-06-09,1850,Surselva,28
2019-06-09,2104,Locarno,2737
2019-06-09,2014,Münchwilen,26
2019-06-09,1728,Wil,27
2019-06-09,24,Neuchâtel,24
2019-06-09,1724,Werdenberg,68
2019-06-09,25,Genève,57
2019-06-09,110,Winterthur,43
2019-06-09,2301,Brig,69
2019-06-09,316,Entlebuch,37
2019-06-09,1847,Moesa,350
2019-06-09,2105,Lugano,29694
2019-06-09,106,Horgen,40
2019-06-09,2103,Leventina,563
2019-06-09,312,Luzern-Land,84
2019-06-09,6,Obwalden,26
2019-06-09,1723,Rheintal,139
2019-06-09,2313,Visp,29
2019-06-09,1910,Zofingen,22
2019-06-09,1402,Reiat,27
2019-06-09,1851,Viamala,129
2019-06-09,9,Zug,139
2019-06-09,109,Uster,40
2019-06-09,1842,Bernina,48
2019-06-09,2108,Vallemaggia,70
2019-06-09,105,Hinwil,28
2019-06-09,311,Luzern-Stadt,250
2019-06-09,1846,Maloja,53
2019-06-09,1301,Arlesheim,80
2019-06-09,1403,Schaffhausen,32
2019-06-09,12,Basel-Stadt,238
2019-06-09,313,Hochdorf,70
2019-06-09,7,Nidwalden,43
2019-06-09,245,Emmental,22
2019-06-09,103,Bülach,91
2019-06-09,1841,Albula,34
2019-06-09,2101,Bellinzona,3349
2019-06-09,1726,See-Gaster,26
2019-06-09,2107,Riviera,374
2019-06-09,112,Zürich,503
2019-06-09,1845,Landquart,38
2019-06-09,1901,Aarau,30
2019-06-09,1849,Prättigau/Davos,33
2019-06-09,314,Sursee,110
2019-06-09,2013,Kreuzlingen,27
2019-06-09,250,Interlaken-Oberhasli,31
2019-06-09,104,Dielsdorf,37
2019-06-09,1108,Olten,43
2019-06-09,1721,St. Gallen,24
2019-06-09,1101,Gäu,29
2019-06-09,246,Bern-Mittelland,91
2019-06-09,2102,Blenio,399
2019-06-09,1725,Sarganserland,31
2019-06-09,107,Meilen,25
2019-06-09,242,Biel/Bienne,44
2019-06-09,4,Uri,402
2019-06-09,506,Schwyz,104
2019-06-09,1004,La Sarine,26
2019-06-09,1902,Baden,32
2019-06-09,111,Dietikon,67
2019-06-09,1848,Plessur,32
2019-06-09,2106,Mendrisio,16034
2019-06-09,-1,Other,705
2019-06-10,101,Affoltern,40
2019-06-10,2104,Locarno,2160
2019-06-10,2014,Münchwilen,22
2019-06-10,2227,Morges,29
2019-06-10,24,Neuchâtel,47
2019-06-10,1724,Werdenberg,99
2019-06-10,25,Genève,188
2019-06-10,110,Winterthur,128
2019-06-10,2301,Brig,55
2019-06-10,1847,Moesa,351
2019-06-10,2105,Lugano,27497
2019-06-10,106,Horgen,108
2019-06-10,2103,Leventina,866
2019-06-10,312,Luzern-Land,80
2019-06-10,1723,Rheintal,165
2019-06-10,2015,Weinfelden,29
2019-06-10,2313,Visp,23
2019-06-10,2228,Nyon,30
2019-06-10,1910,Zofingen,34
2019-06-10,1402,Reiat,31
2019-06-10,1851,Viamala,97
2019-06-10,9,Zug,176
2019-06-10,109,Uster,64
2019-06-10,1842,Bernina,57
2019-06-10,2108,Vallemaggia,96
2019-06-10,105,Hinwil,25
2019-06-10,244,Oberaargau,24
2019-06-10,311,Luzern-Stadt,256
2019-06-10,1846,Maloja,78
2019-06-10,1301,Arlesheim,97
2019-06-10,2225,Lausanne,66
2019-06-10,1403,Schaffhausen,23
2019-06-10,12,Basel-Stadt,367
2019-06-10,313,Hochdorf,70
2019-06-10,2229,Ouest lausannois,27
2019-06-10,7,Nidwalden,54
2019-06-10,1722,Rorschach,24
2019-06-10,245,Emmental,30
2019-06-10,103,Bülach,194
2019-06-10,1909,Rheinfelden,33
2019-06-10,2101,Bellinzona,2879
2019-06-10,1726,See-Gaster,38
2019-06-10,505,March,26
2019-06-10,2107,Riviera,314
2019-06-10,112,Zürich,1061
2019-06-10,1845,Landquart,69
2019-06-10,2224,Jura-Nord vaudois,44
2019-06-10,1901,Aarau,28
2019-06-10,314,Sursee,76
2019-06-10,104,Dielsdorf,27
2019-06-10,1108,Olten,39
2019-06-10,1721,St. Gallen,70
2019-06-10,1903,Bremgarten,21
2019-06-10,246,Bern-Mittelland,171
2019-06-10,2230,Riviera-Pays-d'Enhaut,31
2019-06-10,2102,Blenio,217
2019-06-10,1725,Sarganserland,27
2019-06-10,1303,Liestal,38
2019-06-10,107,Meilen,95
2019-06-10,242,Biel/Bienne,37
2019-06-10,4,Uri,402
2019-06-10,506,Schwyz,176
2019-06-10,1004,La Sarine,55
2019-06-10,1902,Baden,70
2019-06-10,111,Dietikon,57
2019-06-10,1848,Plessur,46
2019-06-10,2106,Mendrisio,14038
2019-06-10,-1,Other,709
2019-06-11,2104,Locarno,4350
2019-06-11,1724,Werdenberg,72
2019-06-11,25,Genève,60
2019-06-11,110,Winterthur,39
2019-06-11,1847,Moesa,580
2019-06-11,2105,Lugano,55818
2019-06-11,106,Horgen,62
2019-06-11,2103,Leventina,916
2019-06-11,312,Luzern-Land,55
2019-06-11,6,Obwalden,28
2019-06-11,1723,Rheintal,94
2019-06-11,2313,Visp,24
2019-06-11,1851,Viamala,62
2019-06-11,9,Zug,125
2019-06-11,109,Uster,56
2019-06-11,1842,Bernina,35
2019-06-11,2108,Vallemaggia,109
2019-06-11,503,Höfe,22
2019-06-11,311,Luzern-Stadt,191
2019-06-11,1846,Maloja,48
2019-06-11,1301,Arlesheim,63
2019-06-11,2225,Lausanne,24
2019-06-11,1403,Schaffhausen,21
2019-06-11,12,Basel-Stadt,197
2019-06-11,313,Hochdorf,42
2019-06-11,7,Nidwalden,26
2019-06-11,103,Bülach,91
2019-06-11,1909,Rheinfelden,23
2019-06-11,2101,Bellinzona,9816
2019-06-11,2107,Riviera,781
2019-06-11,112,Zürich,686
2019-06-11,1845,Landquart,34
2019-06-11,314,Sursee,56
2019-06-11,250,Interlaken-Oberhasli,64
2019-06-11,1108,Olten,30
2019-06-11,1101,Gäu,32
2019-06-11,246,Bern-Mittelland,119
2019-06-11,2102,Blenio,246
2019-06-11,1725,Sarganserland,30
2019-06-11,107,Meilen,43
2019-06-11,4,Uri,298
2019-06-11,506,Schwyz,70
2019-06-11,1004,La Sarine,29
2019-06-11,1902,Baden,26
2019-06-11,111,Dietikon,27
2019-06-11,1848,Plessur,36
2019-06-11,2106,Mendrisio,24299
2019-06-11,-1,Other,624
2019-06-12,101,Affoltern,21
2019-06-12,1850,Surselva,22
2019-06-12,2104,Locarno,4192
2019-06-12,25,Genève,85
2019-06-12,110,Winterthur,32
2019-06-12,2301,Brig,33
2019-06-12,1847,Moesa,528
2019-06-12,2105,Lugano,53763
2019-06-12,106,Horgen,56
2019-06-12,2103,Leventina,945
2019-06-12,312,Luzern-Land,71
2019-06-12,1723,Rheintal,40
2019-06-12,2313,Visp,40
2019-06-12,9,Zug,119
2019-06-12,109,Uster,50
2019-06-12,1842,Bernina,64
2019-06-12,2108,Vallemaggia,126
2019-06-12,311,Luzern-Stadt,193
2019-06-12,1846,Maloja,49
2019-06-12,1301,Arlesheim,58
2019-06-12,2225,Lausanne,29
2019-06-12,12,Basel-Stadt,231
2019-06-12,313,Hochdorf,36
2019-06-12,7,Nidwalden,59
2019-06-12,103,Bülach,127
2019-06-12,1909,Rheinfelden,21
2019-06-12,2101,Bellinzona,8969
2019-06-12,2107,Riviera,681
2019-06-12,112,Zürich,507
2019-06-12,1901,Aarau,21
2019-06-12,314,Sursee,30
2019-06-12,250,Interlaken-Oberhasli,36
2019-06-12,1108,Olten,32
2019-06-12,1721,St. Gallen,32
2019-06-12,246,Bern-Mittelland,104
2019-06-12,2102,Blenio,268
2019-06-12,315,Willisau,22
2019-06-12,107,Meilen,40
2019-06-12,242,Biel/Bienne,28
2019-06-12,4,Uri,246
2019-06-12,506,Schwyz,67
2019-06-12,1004,La Sarine,21
2019-06-12,1902,Baden,51
2019-06-12,111,Dietikon,51
2019-06-12,2106,Mendrisio,23624
2019-06-12,-1,Other,587
2019-06-13,2104,Locarno,4611
2019-06-13,24,Neuchâtel,26
2019-06-13,1724,Werdenberg,45
2019-06-13,25,Genève,68
2019-06-13,110,Winterthur,33
2019-06-13,1907,Lenzburg,24
2019-06-13,1847,Moesa,560
2019-06-13,2105,Lugano,60552
2019-06-13,106,Horgen,55
2019-06-13,2103,Leventina,861
2019-06-13,312,Luzern-Land,68
2019-06-13,1723,Rheintal,58
2019-06-13,1910,Zofingen,26
2019-06-13,1851,Viamala,33
2019-06-13,9,Zug,110
2019-06-13,109,Uster,39
2019-06-13,1842,Bernina,56
2019-06-13,2108,Vallemaggia,159
2019-06-13,311,Luzern-Stadt,176
2019-06-13,1846,Maloja,87
2019-06-13,1301,Arlesheim,41
2019-06-13,2225,Lausanne,23
2019-06-13,12,Basel-Stadt,171
2019-06-13,313,Hochdorf,49
2019-06-13,7,Nidwalden,38
2019-06-13,103,Bülach,106
2019-06-13,1909,Rheinfelden,21
2019-06-13,2101,Bellinzona,9098
2019-06-13,2107,Riviera,804
2019-06-13,112,Zürich,447
2019-06-13,1901,Aarau,40
2019-06-13,314,Sursee,50
2019-06-13,250,Interlaken-Oberhasli,38
2019-06-13,104,Dielsdorf,21
2019-06-13,1108,Olten,44
2019-06-13,1903,Bremgarten,23
2019-06-13,246,Bern-Mittelland,126
2019-06-13,2102,Blenio,332
2019-06-13,107,Meilen,37
2019-06-13,242,Biel/Bienne,23
2019-06-13,4,Uri,246
2019-06-13,506,Schwyz,82
2019-06-13,1004,La Sarine,22
2019-06-13,1902,Baden,57
2019-06-13,111,Dietikon,31
2019-06-13,2106,Mendrisio,25615
2019-06-13,-1,Other,689
2019-06-14,2306,Leuk,21
2019-06-14,2104,Locarno,4904
2019-06-14,24,Neuchâtel,31
2019-06-14,1724,Werdenberg,57
2019-06-14,25,Genève,81
2019-06-14,110,Winterthur,56
2019-06-14,1907,Lenzburg,27
2019-06-14,1847,Moesa,632
2019-06-14,2105,Lugano,63513
2019-06-14,106,Horgen,71
2019-06-14,2103,Leventina,813
2019-06-14,312,Luzern-Land,78
2019-06-14,6,Obwalden,25
2019-06-14,1723,Rheintal,135
2019-06-14,2313,Visp,31
2019-06-14,1910,Zofingen,21
2019-06-14,1851,Viamala,97
2019-06-14,9,Zug,108
2019-06-14,109,Uster,36
2019-06-14,1842,Bernina,79
2019-06-14,2108,Vallemaggia,187
2019-06-14,503,Höfe,21
2019-06-14,244,Oberaargau,38
2019-06-14,311,Luzern-Stadt,247
2019-06-14,1846,Maloja,181
2019-06-14,1301,Arlesheim,88
2019-06-14,2225,Lausanne,43
2019-06-14,1403,Schaffhausen,21
2019-06-14,12,Basel-Stadt,209
2019-06-14,313,Hochdorf,72
2019-06-14,7,Nidwalden,61
2019-06-14,245,Emmental,27
2019-06-14,103,Bülach,127
2019-06-14,1909,Rheinfelden,42
2019-06-14,108,Pfäffikon,21
2019-06-14,1841,Albula,26
2019-06-14,2101,Bellinzona,9630
2019-06-14,1726,See-Gaster,22
2019-06-14,2107,Riviera,689
2019-06-14,112,Zürich,497
2019-06-14,1901,Aarau,29
2019-06-14,1849,Prättigau/Davos,24
2019-06-14,314,Sursee,77
2019-06-14,250,Interlaken-Oberhasli,40
2019-06-14,1108,Olten,47
2019-06-14,1721,St. Gallen,25
2019-06-14,1903,Bremgarten,40
2019-06-14,246,Bern-Mittelland,86
2019-06-14,2230,Riviera-Pays-d'Enhaut,22
2019-06-14,2102,Blenio,286
2019-06-14,1725,Sarganserland,27
2019-06-14,107,Meilen,55
2019-06-14,242,Biel/Bienne,43
2019-06-14,4,Uri,405
2019-06-14,506,Schwyz,129
2019-06-14,1004,La Sarine,33
2019-06-14,1902,Baden,44
2019-06-14,111,Dietikon,29
2019-06-14,1848,Plessur,43
2019-06-14,2106,Mendrisio,27252
2019-06-14,-1,Other,707
2019-06-15,101,Affoltern,26
2019-06-15,2104,Locarno,3950
2019-06-15,1728,Wil,30
2019-06-15,247,Thun,32
2019-06-15,1724,Werdenberg,90
2019-06-15,25,Genève,44
2019-06-15,110,Winterthur,55
2019-06-15,2301,Brig,32
2019-06-15,1847,Moesa,532
2019-06-15,2105,Lugano,49112
2019-06-15,106,Horgen,64
2019-06-15,2103,Leventina,988
2019-06-15,243,Seeland,30
2019-06-15,312,Luzern-Land,72
2019-06-15,6,Obwalden,54
2019-06-15,1723,Rheintal,242
2019-06-15,2313,Visp,22
2019-06-15,1910,Zofingen,37
2019-06-15,1402,Reiat,42
2019-06-15,1851,Viamala,136
2019-06-15,9,Zug,141
2019-06-15,109,Uster,33
2019-06-15,1842,Bernina,70
2019-06-15,2108,Vallemaggia,110
2019-06-15,503,Höfe,25
2019-06-15,244,Oberaargau,21
2019-06-15,311,Luzern-Stadt,237
2019-06-15,1846,Maloja,123
2019-06-15,1301,Arlesheim,122
2019-06-15,1403,Schaffhausen,27
2019-06-15,12,Basel-Stadt,260
2019-06-15,313,Hochdorf,66
2019-06-15,7,Nidwalden,75
2019-06-15,103,Bülach,118
2019-06-15,1909,Rheinfelden,29
2019-06-15,1841,Albula,54
2019-06-15,2101,Bellinzona,5150
2019-06-15,1726,See-Gaster,41
2019-06-15,2107,Riviera,469
2019-06-15,112,Zürich,503
2019-06-15,1845,Landquart,62
2019-06-15,1003,La Gruyère,32
2019-06-15,1901,Aarau,61
2019-06-15,1849,Prättigau/Davos,32
2019-06-15,314,Sursee,65
2019-06-15,2013,Kreuzlingen,46
2019-06-15,250,Interlaken-Oberhasli,63
2019-06-15,1844,Imboden,32
2019-06-15,104,Dielsdorf,24
2019-06-15,1108,Olten,72
2019-06-15,1721,St. Gallen,26
2019-06-15,1903,Bremgarten,21
2019-06-15,246,Bern-Mittelland,139
2019-06-15,2102,Blenio,326
2019-06-15,315,Willisau,55
2019-06-15,107,Meilen,49
2019-06-15,242,Biel/Bienne,34
2019-06-15,4,Uri,417
2019-06-15,506,Schwyz,111
2019-06-15,1902,Baden,36
2019-06-15,111,Dietikon,22
2019-06-15,1848,Plessur,36
2019-06-15,2106,Mendrisio,19614
2019-06-15,-1,Other,709
2019-06-16,101,Affoltern,59
2019-06-16,2104,Locarno,2950
2019-06-16,1728,Wil,24
2019-06-16,247,Thun,34
2019-06-16,24,Neuchâtel,60
2019-06-16,1724,Werdenberg,107
2019-06-16,1904,Brugg,29
2019-06-16,25,Genève,110
2019-06-16,110,Winterthur,117
2019-06-16,1907,Lenzburg,25
2019-06-16,2301,Brig,70
2019-06-16,1847,Moesa,572
2019-06-16,2105,Lugano,38337
2019-06-16,1911,Zurzach,23
2019-06-16,106,Horgen,145
2019-06-16,2103,Leventina,1093
2019-06-16,312,Luzern-Land,88
2019-06-16,2011,Arbon,27
2019-06-16,6,Obwalden,42
2019-06-16,1723,Rheintal,248
2019-06-16,2313,Visp,39
2019-06-16,1910,Zofingen,37
2019-06-16,1402,Reiat,64
2019-06-16,1851,Viamala,144
2019-06-16,9,Zug,295
2019-06-16,109,Uster,104
2019-06-16,1842,Bernina,73
2019-06-16,2108,Vallemaggia,266
2019-06-16,503,Höfe,22
2019-06-16,105,Hinwil,36
2019-06-16,244,Oberaargau,28
2019-06-16,311,Luzern-Stadt,246
2019-06-16,1846,Maloja,132
2019-06-16,1301,Arlesheim,94
2019-06-16,2225,Lausanne,54
2019-06-16,1403,Schaffhausen,60
2019-06-16,12,Basel-Stadt,389
2019-06-16,313,Hochdorf,64
2019-06-16,2311,Sierre,25
2019-06-16,2229,Ouest lausannois,21
2019-06-16,7,Nidwalden,66
2019-06-16,245,Emmental,31
2019-06-16,103,Bülach,174
2019-06-16,1909,Rheinfelden,34
2019-06-16,108,Pfäffikon,33
2019-06-16,1841,Albula,28
2019-06-16,2101,Bellinzona,3527
2019-06-16,1726,See-Gaster,32
2019-06-16,2107,Riviera,415
2019-06-16,112,Zürich,1064
2019-06-16,1845,Landquart,54
2019-06-16,2012,Frauenfeld,23
2019-06-16,1901,Aarau,54
2019-06-16,314,Sursee,72
2019-06-16,2013,Kreuzlingen,35
2019-06-16,250,Interlaken-Oberhasli,49
2019-06-16,1844,Imboden,27
2019-06-16,104,Dielsdorf,48
2019-06-16,1108,Olten,47
2019-06-16,1721,St. Gallen,32
2019-06-16,1903,Bremgarten,52
2019-06-16,8,Glarus,23
2019-06-16,246,Bern-Mittelland,202
2019-06-16,1908,Muri,23
2019-06-16,2102,Blenio,350
2019-06-16,315,Willisau,24
2019-06-16,1725,Sarganserland,44
2019-06-16,107,Meilen,102
2019-06-16,242,Biel/Bienne,44
2019-06-16,4,Uri,567
2019-06-16,506,Schwyz,133
2019-06-16,1004,La Sarine,37
2019-06-16,1902,Baden,70
2019-06-16,111,Dietikon,55
2019-06-16,1848,Plessur,95
2019-06-16,2106,Mendrisio,15277
2019-06-16,-1,Other,593
2019-06-17,101,Affoltern,26
2019-06-17,1850,Surselva,21
2019-06-17,2104,Locarno,4322
2019-06-17,1724,Werdenberg,60
2019-06-17,25,Genève,85
2019-06-17,110,Winterthur,44
2019-06-17,1847,Moesa,625
2019-06-17,2105,Lugano,58344
2019-06-17,106,Horgen,77
2019-06-17,2103,Leventina,620
2019-06-17,312,Luzern-Land,60
2019-06-17,6,Obwalden,36
2019-06-17,1723,Rheintal,104
2019-06-17,2313,Visp,31
2019-06-17,2228,Nyon,22
2019-06-17,1851,Viamala,55
2019-06-17,9,Zug,142
2019-06-17,109,Uster,38
2019-06-17,1842,Bernina,63
2019-06-17,2108,Vallemaggia,108
2019-06-17,244,Oberaargau,22
2019-06-17,311,Luzern-Stadt,196
2019-06-17,1846,Maloja,111
2019-06-17,1301,Arlesheim,63
2019-06-17,2225,Lausanne,43
2019-06-17,12,Basel-Stadt,204
2019-06-17,313,Hochdorf,46
2019-06-17,7,Nidwalden,32
2019-06-17,103,Bülach,97
2019-06-17,2101,Bellinzona,8382
2019-06-17,2107,Riviera,744
2019-06-17,112,Zürich,690
2019-06-17,1845,Landquart,44
2019-06-17,314,Sursee,60
2019-06-17,250,Interlaken-Oberhasli,56
2019-06-17,104,Dielsdorf,30
2019-06-17,1108,Olten,36
2019-06-17,1903,Bremgarten,22
2019-06-17,246,Bern-Mittelland,158
2019-06-17,2102,Blenio,268
2019-06-17,315,Willisau,34
2019-06-17,107,Meilen,40
2019-06-17,4,Uri,335
2019-06-17,506,Schwyz,107
2019-06-17,1902,Baden,40
2019-06-17,111,Dietikon,33
2019-06-17,1848,Plessur,49
2019-06-17,2106,Mendrisio,25336
2019-06-17,-1,Other,711
2019-06-18,2104,Locarno,4450
2019-06-18,24,Neuchâtel,24
2019-06-18,1724,Werdenberg,58
2019-06-18,25,Genève,58
2019-06-18,110,Winterthur,36
2019-06-18,1847,Moesa,570
2019-06-18,2105,Lugano,59002
2019-06-18,106,Horgen,42
2019-06-18,2103,Leventina,796
2019-06-18,312,Luzern-Land,67
2019-06-18,6,Obwalden,47
2019-06-18,1723,Rheintal,107
2019-06-18,1910,Zofingen,23
2019-06-18,1851,Viamala,66
2019-06-18,9,Zug,198
2019-06-18,109,Uster,43
2019-06-18,1842,Bernina,74
2019-06-18,2108,Vallemaggia,125
2019-06-18,105,Hinwil,21
2019-06-18,311,Luzern-Stadt,208
2019-06-18,1846,Maloja,63
2019-06-18,1301,Arlesheim,63
2019-06-18,12,Basel-Stadt,129
2019-06-18,313,Hochdorf,44
2019-06-18,7,Nidwalden,29
2019-06-18,103,Bülach,160
2019-06-18,2101,Bellinzona,8778
2019-06-18,2107,Riviera,783
2019-06-18,112,Zürich,551
2019-06-18,1901,Aarau,29
2019-06-18,314,Sursee,60
2019-06-18,2013,Kreuzlingen,21
2019-06-18,250,Interlaken-Oberhasli,46
2019-06-18,1844,Imboden,21
2019-06-18,104,Dielsdorf,29
2019-06-18,1108,Olten,29
2019-06-18,246,Bern-Mittelland,68
2019-06-18,2102,Blenio,240
2019-06-18,107,Meilen,41
2019-06-18,4,Uri,282
2019-06-18,506,Schwyz,78
2019-06-18,1902,Baden,36
2019-06-18,111,Dietikon,38
2019-06-18,2106,Mendrisio,25405
2019-06-18,-1,Other,701
2019-06-19,2104,Locarno,4349
2019-06-19,247,Thun,22
2019-06-19,1724,Werdenberg,58
2019-06-19,25,Genève,59
2019-06-19,110,Winterthur,37
2019-06-19,1847,Moesa,539
2019-06-19,2105,Lugano,58610
2019-06-19,106,Horgen,58
2019-06-19,2103,Leventina,798
2019-06-19,312,Luzern-Land,63
2019-06-19,6,Obwalden,48
2019-06-19,1723,Rheintal,89
2019-06-19,1851,Viamala,91
2019-06-19,9,Zug,95
2019-06-19,109,Uster,24
2019-06-19,1842,Bernina,49
2019-06-19,2108,Vallemaggia,143
2019-06-19,503,Höfe,28
2019-06-19,244,Oberaargau,24
2019-06-19,311,Luzern-Stadt,171
2019-06-19,1846,Maloja,124
2019-06-19,1301,Arlesheim,44
2019-06-19,2225,Lausanne,33
2019-06-19,12,Basel-Stadt,178
2019-06-19,313,Hochdorf,55
2019-06-19,7,Nidwalden,69
2019-06-19,103,Bülach,102
2019-06-19,1909,Rheinfelden,21
2019-06-19,1841,Albula,38
2019-06-19,2101,Bellinzona,9000
2019-06-19,2107,Riviera,672
2019-06-19,112,Zürich,543
2019-06-19,1845,Landquart,21
2019-06-19,1901,Aarau,30
2019-06-19,314,Sursee,37
2019-06-19,250,Interlaken-Oberhasli,51
2019-06-19,1108,Olten,26
2019-06-19,1721,St. Gallen,32
2019-06-19,246,Bern-Mittelland,115
2019-06-19,2230,Riviera-Pays-d'Enhaut,21
2019-06-19,2102,Blenio,382
2019-06-19,315,Willisau,29
2019-06-19,107,Meilen,40
2019-06-19,4,Uri,333
2019-06-19,506,Schwyz,94
2019-06-19,1902,Baden,23
2019-06-19,111,Dietikon,34
2019-06-19,1848,Plessur,32
2019-06-19,2106,Mendrisio,27729
2019-06-19,-1,Other,639
2019-06-20,101,Affoltern,22
2019-06-20,1850,Surselva,39
2019-06-20,2104,Locarno,2608
2019-06-20,24,Neuchâtel,24
2019-06-20,1724,Werdenberg,63
2019-06-20,25,Genève,58
2019-06-20,110,Winterthur,66
2019-06-20,1907,Lenzburg,30
2019-06-20,2301,Brig,21
2019-06-20,1847,Moesa,501
2019-06-20,2105,Lugano,35427
2019-06-20,106,Horgen,41
2019-06-20,2103,Leventina,654
2019-06-20,312,Luzern-Land,62
2019-06-20,6,Obwalden,65
2019-06-20,1723,Rheintal,166
2019-06-20,1402,Reiat,33
2019-06-20,1851,Viamala,132
2019-06-20,9,Zug,103
2019-06-20,109,Uster,33
2019-06-20,1842,Bernina,54
2019-06-20,2108,Vallemaggia,193
2019-06-20,2304,Goms,26
2019-06-20,503,Höfe,22
2019-06-20,311,Luzern-Stadt,166
2019-06-20,1846,Maloja,106
2019-06-20,1301,Arlesheim,43
2019-06-20,2225,Lausanne,25
2019-06-20,12,Basel-Stadt,191
2019-06-20,313,Hochdorf,47
2019-06-20,7,Nidwalden,49
2019-06-20,103,Bülach,97
2019-06-20,1841,Albula,27
2019-06-20,2101,Bellinzona,3475
2019-06-20,2107,Riviera,337
2019-06-20,112,Zürich,412
2019-06-20,1845,Landquart,21
2019-06-20,314,Sursee,56
2019-06-20,250,Interlaken-Oberhasli,33
2019-06-20,104,Dielsdorf,21
2019-06-20,1108,Olten,25
2019-06-20,1721,St. Gallen,28
2019-06-20,246,Bern-Mittelland,84
2019-06-20,2102,Blenio,239
2019-06-20,1725,Sarganserland,22
2019-06-20,107,Meilen,25
2019-06-20,4,Uri,349
2019-06-20,506,Schwyz,56
2019-06-20,1004,La Sarine,25
2019-06-20,1902,Baden,24
2019-06-20,111,Dietikon,27
2019-06-20,1848,Plessur,24
2019-06-20,2106,Mendrisio,18520
2019-06-20,-1,Other,618
2019-06-21,101,Affoltern,34
2019-06-21,249,Frutigen-Niedersimmental,21
2019-06-21,1850,Surselva,28
2019-06-21,2104,Locarno,3811
2019-06-21,24,Neuchâtel,28
2019-06-21,1724,Werdenberg,98
2019-06-21,25,Genève,77
2019-06-21,110,Winterthur,58
2019-06-21,1907,Lenzburg,29
2019-06-21,1847,Moesa,544
2019-06-21,2105,Lugano,50723
2019-06-21,106,Horgen,34
2019-06-21,2103,Leventina,1161
2019-06-21,312,Luzern-Land,58
2019-06-21,6,Obwalden,43
2019-06-21,1723,Rheintal,269
2019-06-21,2313,Visp,21
2019-06-21,1402,Reiat,46
2019-06-21,1851,Viamala,127
2019-06-21,9,Zug,129
2019-06-21,109,Uster,39
2019-06-21,1842,Bernina,60
2019-06-21,2108,Vallemaggia,125
2019-06-21,2304,Goms,21
2019-06-21,311,Luzern-Stadt,186
2019-06-21,1846,Maloja,150
2019-06-21,1301,Arlesheim,48
2019-06-21,1403,Schaffhausen,32
2019-06-21,12,Basel-Stadt,247
2019-06-21,313,Hochdorf,41
2019-06-21,7,Nidwalden,28
2019-06-21,245,Emmental,21
2019-06-21,103,Bülach,173
2019-06-21,1909,Rheinfelden,21
2019-06-21,1841,Albula,48
2019-06-21,2101,Bellinzona,7421
2019-06-21,2107,Riviera,524
2019-06-21,112,Zürich,515
2019-06-21,1845,Landquart,35
2019-06-21,2012,Frauenfeld,26
2019-06-21,1901,Aarau,74
2019-06-21,314,Sursee,41
2019-06-21,250,Interlaken-Oberhasli,33
2019-06-21,1108,Olten,25
2019-06-21,1721,St. Gallen,41
2019-06-21,8,Glarus,21
2019-06-21,246,Bern-Mittelland,103
2019-06-21,2102,Blenio,350
2019-06-21,1725,Sarganserland,32
2019-06-21,107,Meilen,26
2019-06-21,4,Uri,273
2019-06-21,506,Schwyz,113
2019-06-21,1902,Baden,58
2019-06-21,111,Dietikon,33
2019-06-21,1848,Plessur,37
2019-06-21,2106,Mendrisio,22345
2019-06-21,-1,Other,638
2019-06-22,101,Affoltern,28
2019-06-22,1850,Surselva,44
2019-06-22,2104,Locarno,3092
2019-06-22,1724,Werdenberg,87
2019-06-22,25,Genève,26
2019-06-22,110,Winterthur,60
2019-06-22,1847,Moesa,547
2019-06-22,2105,Lugano,38894
2019-06-22,106,Horgen,30
2019-06-22,2103,Leventina,1121
2019-06-22,312,Luzern-Land,54
2019-06-22,6,Obwalden,35
2019-06-22,1723,Rheintal,346
2019-06-22,1402,Reiat,38
2019-06-22,1851,Viamala,177
2019-06-22,9,Zug,152
2019-06-22,109,Uster,42
2019-06-22,1842,Bernina,39
2019-06-22,2108,Vallemaggia,129
2019-06-22,2304,Goms,22
2019-06-22,311,Luzern-Stadt,140
2019-06-22,1846,Maloja,84
2019-06-22,1301,Arlesheim,81
2019-06-22,1403,Schaffhausen,33
2019-06-22,12,Basel-Stadt,297
2019-06-22,313,Hochdorf,30
2019-06-22,7,Nidwalden,44
2019-06-22,103,Bülach,325
2019-06-22,1909,Rheinfelden,29
2019-06-22,1841,Albula,35
2019-06-22,2101,Bellinzona,4759
2019-06-22,2107,Riviera,412
2019-06-22,112,Zürich,425
2019-06-22,1845,Landquart,45
2019-06-22,314,Sursee,59
2019-06-22,2013,Kreuzlingen,47
2019-06-22,250,Interlaken-Oberhasli,35
2019-06-22,1844,Imboden,41
2019-06-22,1903,Bremgarten,27
2019-06-22,246,Bern-Mittelland,49
2019-06-22,2102,Blenio,326
2019-06-22,1725,Sarganserland,35
2019-06-22,107,Meilen,29
2019-06-22,4,Uri,284
2019-06-22,506,Schwyz,93
2019-06-22,1902,Baden,30
2019-06-22,111,Dietikon,29
2019-06-22,1848,Plessur,45
2019-06-22,2106,Mendrisio,17717
2019-06-22,-1,Other,614
2019-06-23,101,Affoltern,33
2019-06-23,1850,Surselva,64
2019-06-23,2104,Locarno,2669
2019-06-23,1728,Wil,23
2019-06-23,1724,Werdenberg,91
2019-06-23,25,Genève,56
2019-06-23,110,Winterthur,99
2019-06-23,2301,Brig,37
2019-06-23,1847,Moesa,961
2019-06-23,2105,Lugano,32543
2019-06-23,106,Horgen,74
2019-06-23,1843,Engiadina Bassa/Val Müstair,22
2019-06-23,2103,Leventina,1758
2019-06-23,312,Luzern-Land,62
2019-06-23,6,Obwalden,59
2019-06-23,1723,Rheintal,331
2019-06-23,2313,Visp,21
2019-06-23,1910,Zofingen,25
2019-06-23,1402,Reiat,62
2019-06-23,1851,Viamala,114
2019-06-23,9,Zug,168
2019-06-23,109,Uster,69
2019-06-23,2312,Sion,22
2019-06-23,1842,Bernina,40
2019-06-23,2108,Vallemaggia,359
2019-06-23,2304,Goms,45
2019-06-23,311,Luzern-Stadt,298
2019-06-23,1846,Maloja,95
2019-06-23,1301,Arlesheim,100
2019-06-23,2225,Lausanne,34
2019-06-23,1403,Schaffhausen,32
2019-06-23,12,Basel-Stadt,319
2019-06-23,313,Hochdorf,48
2019-06-23,7,Nidwalden,77
2019-06-23,103,Bülach,139
2019-06-23,1909,Rheinfelden,21
2019-06-23,1841,Albula,32
2019-06-23,2101,Bellinzona,3013
2019-06-23,505,March,23
2019-06-23,2107,Riviera,395
2019-06-23,112,Zürich,730
2019-06-23,1845,Landquart,75
2019-06-23,1901,Aarau,21
2019-06-23,314,Sursee,82
2019-06-23,2013,Kreuzlingen,48
2019-06-23,1844,Imboden,31
2019-06-23,104,Dielsdorf,38
2019-06-23,1108,Olten,29
2019-06-23,1721,St. Gallen,35
2019-06-23,1903,Bremgarten,50
2019-06-23,246,Bern-Mittelland,97
2019-06-23,2102,Blenio,491
2019-06-23,315,Willisau,28
2019-06-23,1725,Sarganserland,71
2019-06-23,107,Meilen,56
2019-06-23,4,Uri,581
2019-06-23,506,Schwyz,148
2019-06-23,1004,La Sarine,44
2019-06-23,1902,Baden,72
2019-06-23,111,Dietikon,52
2019-06-23,1848,Plessur,32
2019-06-23,2106,Mendrisio,13919
2019-06-23,-1,Other,694
2019-06-24,101,Affoltern,32
2019-06-24,1850,Surselva,47
2019-06-24,2104,Locarno,3931
2019-06-24,2227,Morges,27
2019-06-24,24,Neuchâtel,22
2019-06-24,1724,Werdenberg,55
2019-06-24,1904,Brugg,29
2019-06-24,25,Genève,56
2019-06-24,110,Winterthur,44
2019-06-24,2301,Brig,22
2019-06-24,1847,Moesa,578
2019-06-24,2105,Lugano,52764
2019-06-24,106,Horgen,65
2019-06-24,2103,Leventina,718
2019-06-24,312,Luzern-Land,54
2019-06-24,6,Obwalden,63
2019-06-24,1723,Rheintal,80
2019-06-24,1851,Viamala,68
2019-06-24,9,Zug,247
2019-06-24,109,Uster,51
2019-06-24,1842,Bernina,44
2019-06-24,2108,Vallemaggia,130
2019-06-24,2304,Goms,40
2019-06-24,311,Luzern-Stadt,227
2019-06-24,1846,Maloja,99
2019-06-24,1301,Arlesheim,65
2019-06-24,12,Basel-Stadt,192
2019-06-24,313,Hochdorf,37
2019-06-24,7,Nidwalden,30
2019-06-24,103,Bülach,97
2019-06-24,2101,Bellinzona,7926
2019-06-24,2107,Riviera,703
2019-06-24,112,Zürich,532
2019-06-24,1845,Landquart,29
2019-06-24,314,Sursee,52
2019-06-24,250,Interlaken-Oberhasli,45
2019-06-24,1108,Olten,50
2019-06-24,1721,St. Gallen,21
2019-06-24,1903,Bremgarten,22
2019-06-24,246,Bern-Mittelland,83
2019-06-24,2102,Blenio,316
2019-06-24,315,Willisau,37
2019-06-24,1725,Sarganserland,22
2019-06-24,107,Meilen,46
2019-06-24,242,Biel/Bienne,35
2019-06-24,4,Uri,269
2019-06-24,506,Schwyz,80
2019-06-24,1004,La Sarine,30
2019-06-24,1902,Baden,23
2019-06-24,111,Dietikon,35
2019-06-24,1848,Plessur,40
2019-06-24,2106,Mendrisio,22977
2019-06-24,-1,Other,607
2019-06-25,101,Affoltern,22
2019-06-25,1850,Surselva,38
2019-06-25,2104,Locarno,3932
2019-06-25,1724,Werdenberg,51
2019-06-25,25,Genève,34
2019-06-25,110,Winterthur,28
2019-06-25,1847,Moesa,569
2019-06-25,2105,Lugano,54822
2019-06-25,106,Horgen,63
2019-06-25,2103,Leventina,716
2019-06-25,312,Luzern-Land,49
2019-06-25,2011,Arbon,22
2019-06-25,6,Obwalden,36
2019-06-25,1723,Rheintal,64
2019-06-25,1851,Viamala,72
2019-06-25,9,Zug,131
2019-06-25,109,Uster,39
2019-06-25,1842,Bernina,51
2019-06-25,2108,Vallemaggia,141
2019-06-25,2304,Goms,28
2019-06-25,311,Luzern-Stadt,197
2019-06-25,1846,Maloja,108
2019-06-25,1301,Arlesheim,37
2019-06-25,12,Basel-Stadt,153
2019-06-25,7,Nidwalden,38
2019-06-25,103,Bülach,100
2019-06-25,1841,Albula,29
2019-06-25,2101,Bellinzona,8713
2019-06-25,2107,Riviera,714
2019-06-25,112,Zürich,598
2019-06-25,314,Sursee,47
2019-06-25,250,Interlaken-Oberhasli,34
2019-06-25,104,Dielsdorf,27
2019-06-25,1108,Olten,43
2019-06-25,1721,St. Gallen,29
2019-06-25,246,Bern-Mittelland,85
2019-06-25,2102,Blenio,256
2019-06-25,1725,Sarganserland,21
2019-06-25,107,Meilen,35
2019-06-25,242,Biel/Bienne,25
2019-06-25,4,Uri,264
2019-06-25,506,Schwyz,115
2019-06-25,1902,Baden,40
2019-06-25,111,Dietikon,43
2019-06-25,1848,Plessur,39
2019-06-25,2106,Mendrisio,24061
2019-06-25,-1,Other,664
2019-06-26,101,Affoltern,23
2019-06-26,1850,Surselva,43
2019-06-26,2104,Locarno,4086
2019-06-26,1724,Werdenberg,39
2019-06-26,25,Genève,79
2019-06-26,110,Winterthur,24
2019-06-26,1847,Moesa,604
2019-06-26,2105,Lugano,56023
2019-06-26,106,Horgen,65
2019-06-26,2103,Leventina,845
2019-06-26,312,Luzern-Land,57
2019-06-26,6,Obwalden,46
2019-06-26,1723,Rheintal,56
2019-06-26,2313,Visp,53
2019-06-26,1851,Viamala,71
2019-06-26,9,Zug,222
2019-06-26,109,Uster,43
2019-06-26,1842,Bernina,82
2019-06-26,2108,Vallemaggia,189
2019-06-26,2304,Goms,26
2019-06-26,311,Luzern-Stadt,180
2019-06-26,1846,Maloja,146
2019-06-26,1301,Arlesheim,54
2019-06-26,12,Basel-Stadt,217
2019-06-26,313,Hochdorf,31
2019-06-26,7,Nidwalden,38
2019-06-26,103,Bülach,115
2019-06-26,1841,Albula,22
2019-06-26,2101,Bellinzona,8153
2019-06-26,1726,See-Gaster,27
2019-06-26,2107,Riviera,732
2019-06-26,112,Zürich,424
2019-06-26,1845,Landquart,22
2019-06-26,1901,Aarau,26
2019-06-26,314,Sursee,58
2019-06-26,250,Interlaken-Oberhasli,36
2019-06-26,104,Dielsdorf,23
2019-06-26,1108,Olten,61
2019-06-26,1721,St. Gallen,29
2019-06-26,1903,Bremgarten,27
2019-06-26,246,Bern-Mittelland,88
2019-06-26,2102,Blenio,309
2019-06-26,1303,Liestal,30
2019-06-26,107,Meilen,32
2019-06-26,242,Biel/Bienne,23
2019-06-26,4,Uri,300
2019-06-26,506,Schwyz,80
2019-06-26,1004,La Sarine,30
2019-06-26,1902,Baden,70
2019-06-26,111,Dietikon,34
2019-06-26,1848,Plessur,32
2019-06-26,2106,Mendrisio,24924
2019-06-26,-1,Other,599
2019-06-27,101,Affoltern,34
2019-06-27,2104,Locarno,3875
2019-06-27,1724,Werdenberg,46
2019-06-27,25,Genève,63
2019-06-27,110,Winterthur,52
2019-06-27,1907,Lenzburg,24
2019-06-27,1847,Moesa,691
2019-06-27,2105,Lugano,56163
2019-06-27,106,Horgen,60
2019-06-27,2103,Leventina,872
2019-06-27,312,Luzern-Land,51
2019-06-27,6,Obwalden,49
2019-06-27,1723,Rheintal,91
2019-06-27,2313,Visp,30
2019-06-27,1851,Viamala,59
2019-06-27,9,Zug,138
2019-06-27,109,Uster,58
2019-06-27,1842,Bernina,47
2019-06-27,2108,Vallemaggia,222
2019-06-27,2304,Goms,45
2019-06-27,311,Luzern-Stadt,155
2019-06-27,1846,Maloja,106
2019-06-27,1301,Arlesheim,87
2019-06-27,2225,Lausanne,35
2019-06-27,12,Basel-Stadt,219
2019-06-27,313,Hochdorf,48
2019-06-27,7,Nidwalden,34
2019-06-27,103,Bülach,108
2019-06-27,1909,Rheinfelden,25
2019-06-27,108,Pfäffikon,26
2019-06-27,1841,Albula,32
2019-06-27,2101,Bellinzona,8065
2019-06-27,1726,See-Gaster,22
2019-06-27,2107,Riviera,695
2019-06-27,112,Zürich,484
2019-06-27,1901,Aarau,24
2019-06-27,314,Sursee,69
2019-06-27,250,Interlaken-Oberhasli,32
2019-06-27,104,Dielsdorf,22
2019-06-27,1108,Olten,32
2019-06-27,1721,St. Gallen,27
2019-06-27,1903,Bremgarten,33
2019-06-27,1101,Gäu,21
2019-06-27,246,Bern-Mittelland,91
2019-06-27,2230,Riviera-Pays-d'Enhaut,21
2019-06-27,2102,Blenio,347
2019-06-27,315,Willisau,22
2019-06-27,1303,Liestal,22
2019-06-27,107,Meilen,46
2019-06-27,242,Biel/Bienne,33
2019-06-27,4,Uri,355
2019-06-27,506,Schwyz,164
2019-06-27,1004,La Sarine,26
2019-06-27,1902,Baden,89
2019-06-27,111,Dietikon,48
2019-06-27,1848,Plessur,38
2019-06-27,2106,Mendrisio,25024
2019-06-27,-1,Other,541
2019-06-28,101,Affoltern,28
2019-06-28,1850,Surselva,50
2019-06-28,2104,Locarno,3957
2019-06-28,1728,Wil,24
2019-06-28,247,Thun,29
2019-06-28,24,Neuchâtel,34
2019-06-28,1724,Werdenberg,89
2019-06-28,25,Genève,73
2019-06-28,110,Winterthur,72
2019-06-28,2301,Brig,22
2019-06-28,1847,Moesa,783
2019-06-28,2105,Lugano,56423
2019-06-28,106,Horgen,71
2019-06-28,2103,Leventina,1037
2019-06-28,243,Seeland,34
2019-06-28,312,Luzern-Land,43
2019-06-28,6,Obwalden,36
2019-06-28,1723,Rheintal,105
2019-06-28,2313,Visp,24
2019-06-28,1910,Zofingen,27
2019-06-28,1402,Reiat,33
2019-06-28,1851,Viamala,123
2019-06-28,9,Zug,124
2019-06-28,109,Uster,27
2019-06-28,1842,Bernina,80
2019-06-28,2108,Vallemaggia,242
2019-06-28,2304,Goms,63
2019-06-28,244,Oberaargau,23
2019-06-28,311,Luzern-Stadt,175
2019-06-28,1846,Maloja,284
2019-06-28,1301,Arlesheim,75
2019-06-28,2225,Lausanne,28
2019-06-28,12,Basel-Stadt,211
2019-06-28,313,Hochdorf,52
2019-06-28,7,Nidwalden,37
2019-06-28,245,Emmental,23
2019-06-28,103,Bülach,117
2019-06-28,1841,Albula,80
2019-06-28,2101,Bellinzona,7519
2019-06-28,2107,Riviera,682
2019-06-28,112,Zürich,499
2019-06-28,1845,Landquart,58
2019-06-28,1901,Aarau,33
2019-06-28,1849,Prättigau/Davos,25
2019-06-28,314,Sursee,59
2019-06-28,250,Interlaken-Oberhasli,33
2019-06-28,1844,Imboden,26
2019-06-28,1108,Olten,46
2019-06-28,1721,St. Gallen,37
2019-06-28,1903,Bremgarten,22
2019-06-28,246,Bern-Mittelland,91
2019-06-28,2102,Blenio,426
2019-06-28,107,Meilen,31
2019-06-28,242,Biel/Bienne,36
2019-06-28,4,Uri,379
2019-06-28,506,Schwyz,114
2019-06-28,1902,Baden,58
2019-06-28,111,Dietikon,47
2019-06-28,1848,Plessur,77
2019-06-28,2106,Mendrisio,25683
2019-06-28,-1,Other,592
2019-06-29,1850,Surselva,38
2019-06-29,2104,Locarno,2905
2019-06-29,1724,Werdenberg,81
2019-06-29,25,Genève,24
2019-06-29,504,Küssnacht (SZ),22
2019-06-29,110,Winterthur,43
2019-06-29,1847,Moesa,798
2019-06-29,2105,Lugano,36761
2019-06-29,106,Horgen,41
2019-06-29,2103,Leventina,1347
2019-06-29,312,Luzern-Land,43
2019-06-29,6,Obwalden,73
2019-06-29,1723,Rheintal,135
2019-06-29,1910,Zofingen,25
2019-06-29,1851,Viamala,158
2019-06-29,9,Zug,102
2019-06-29,109,Uster,38
2019-06-29,1842,Bernina,91
2019-06-29,2108,Vallemaggia,348
2019-06-29,2304,Goms,51
2019-06-29,105,Hinwil,23
2019-06-29,311,Luzern-Stadt,161
2019-06-29,1846,Maloja,168
2019-06-29,1301,Arlesheim,81
2019-06-29,2225,Lausanne,35
2019-06-29,12,Basel-Stadt,236
2019-06-29,313,Hochdorf,53
2019-06-29,7,Nidwalden,35
2019-06-29,103,Bülach,133
2019-06-29,1841,Albula,58
2019-06-29,2101,Bellinzona,3014
2019-06-29,2107,Riviera,460
2019-06-29,112,Zürich,396
2019-06-29,1845,Landquart,54
2019-06-29,314,Sursee,43
2019-06-29,250,Interlaken-Oberhasli,74
2019-06-29,1108,Olten,38
2019-06-29,246,Bern-Mittelland,62
2019-06-29,2102,Blenio,467
2019-06-29,107,Meilen,27
2019-06-29,242,Biel/Bienne,24
2019-06-29,4,Uri,349
2019-06-29,506,Schwyz,73
2019-06-29,1902,Baden,37
2019-06-29,111,Dietikon,28
2019-06-29,1848,Plessur,68
2019-06-29,2106,Mendrisio,17724
2019-06-29,-1,Other,616
2019-06-30,101,Affoltern,48
2019-06-30,1850,Surselva,69
2019-06-30,2104,Locarno,2445
2019-06-30,1728,Wil,23
2019-06-30,24,Neuchâtel,21
2019-06-30,1724,Werdenberg,91
2019-06-30,1904,Brugg,27
2019-06-30,25,Genève,73
2019-06-30,110,Winterthur,56
2019-06-30,1907,Lenzburg,22
2019-06-30,2301,Brig,62
2019-06-30,1847,Moesa,822
2019-06-30,2105,Lugano,30602
2019-06-30,106,Horgen,82
2019-06-30,2103,Leventina,1390
2019-06-30,312,Luzern-Land,57
2019-06-30,2011,Arbon,27
2019-06-30,6,Obwalden,60
2019-06-30,1723,Rheintal,188
2019-06-30,2313,Visp,40
2019-06-30,1910,Zofingen,54
2019-06-30,1851,Viamala,161
2019-06-30,9,Zug,178
2019-06-30,109,Uster,61
2019-06-30,1842,Bernina,52
2019-06-30,2108,Vallemaggia,456
2019-06-30,2304,Goms,139
2019-06-30,244,Oberaargau,40
2019-06-30,311,Luzern-Stadt,362
2019-06-30,1846,Maloja,114
2019-06-30,1301,Arlesheim,84
2019-06-30,2225,Lausanne,53
2019-06-30,12,Basel-Stadt,265
2019-06-30,313,Hochdorf,63
2019-06-30,7,Nidwalden,48
2019-06-30,1722,Rorschach,23
2019-06-30,245,Emmental,26
2019-06-30,103,Bülach,107
2019-06-30,108,Pfäffikon,29
2019-06-30,1841,Albula,47
2019-06-30,2101,Bellinzona,2845
2019-06-30,2107,Riviera,460
2019-06-30,112,Zürich,768
2019-06-30,1845,Landquart,57
2019-06-30,1901,Aarau,36
2019-06-30,314,Sursee,68
2019-06-30,250,Interlaken-Oberhasli,70
2019-06-30,1844,Imboden,35
2019-06-30,104,Dielsdorf,32
2019-06-30,1108,Olten,31
2019-06-30,1721,St. Gallen,28
2019-06-30,1903,Bremgarten,53
2019-06-30,246,Bern-Mittelland,106
2019-06-30,2102,Blenio,656
2019-06-30,315,Willisau,34
2019-06-30,1725,Sarganserland,38
2019-06-30,107,Meilen,65
2019-06-30,4,Uri,499
2019-06-30,506,Schwyz,192
2019-06-30,1004,La Sarine,25
2019-06-30,1902,Baden,70
2019-06-30,111,Dietikon,58
2019-06-30,1848,Plessur,61
2019-06-30,2106,Mendrisio,14126
2019-06-30,-1,Other,657
2019-07-01,2104,Locarno,3508
2019-07-01,1724,Werdenberg,45
2019-07-01,25,Genève,47
2019-07-01,110,Winterthur,48
2019-07-01,1847,Moesa,527
2019-07-01,2105,Lugano,51818
2019-07-01,106,Horgen,48
2019-07-01,2103,Leventina,669
2019-07-01,312,Luzern-Land,45
2019-07-01,6,Obwalden,29
2019-07-01,1723,Rheintal,58
2019-07-01,1910,Zofingen,36
2019-07-01,1851,Viamala,83
2019-07-01,9,Zug,117
2019-07-01,109,Uster,28
2019-07-01,1842,Bernina,45
2019-07-01,2108,Vallemaggia,110
2019-07-01,2304,Goms,41
2019-07-01,503,Höfe,21
2019-07-01,311,Luzern-Stadt,235
2019-07-01,1846,Maloja,88
2019-07-01,1301,Arlesheim,33
2019-07-01,2225,Lausanne,23
2019-07-01,12,Basel-Stadt,155
2019-07-01,313,Hochdorf,35
2019-07-01,7,Nidwalden,53
2019-07-01,103,Bülach,99
2019-07-01,2101,Bellinzona,7396
2019-07-01,2107,Riviera,663
2019-07-01,112,Zürich,550
2019-07-01,1845,Landquart,41
2019-07-01,314,Sursee,43
2019-07-01,250,Interlaken-Oberhasli,64
2019-07-01,104,Dielsdorf,26
2019-07-01,246,Bern-Mittelland,80
2019-07-01,2102,Blenio,271
2019-07-01,1725,Sarganserland,29
2019-07-01,107,Meilen,40
2019-07-01,4,Uri,276
2019-07-01,506,Schwyz,87
2019-07-01,1004,La Sarine,25
2019-07-01,1902,Baden,40
2019-07-01,111,Dietikon,41
2019-07-01,1848,Plessur,30
2019-07-01,2106,Mendrisio,22195
2019-07-01,-1,Other,600
2019-07-02,1850,Surselva,21
2019-07-02,2104,Locarno,3841
2019-07-02,1724,Werdenberg,55
2019-07-02,25,Genève,68
2019-07-02,110,Winterthur,23
2019-07-02,2301,Brig,25
2019-07-02,1847,Moesa,602
2019-07-02,2105,Lugano,54988
2019-07-02,106,Horgen,36
2019-07-02,2103,Leventina,628
2019-07-02,312,Luzern-Land,50
2019-07-02,6,Obwalden,43
2019-07-02,1723,Rheintal,57
2019-07-02,1910,Zofingen,22
2019-07-02,1851,Viamala,63
2019-07-02,9,Zug,129
2019-07-02,109,Uster,46
2019-07-02,1842,Bernina,95
2019-07-02,2108,Vallemaggia,125
2019-07-02,2304,Goms,51
2019-07-02,105,Hinwil,23
2019-07-02,244,Oberaargau,23
2019-07-02,311,Luzern-Stadt,146
2019-07-02,1846,Maloja,62
2019-07-02,1301,Arlesheim,32
2019-07-02,12,Basel-Stadt,115
2019-07-02,313,Hochdorf,42
2019-07-02,7,Nidwalden,36
2019-07-02,103,Bülach,96
2019-07-02,2101,Bellinzona,7691
2019-07-02,2107,Riviera,655
2019-07-02,112,Zürich,498
2019-07-02,1845,Landquart,21
2019-07-02,1901,Aarau,22
2019-07-02,314,Sursee,40
2019-07-02,250,Interlaken-Oberhasli,39
2019-07-02,1108,Olten,21
2019-07-02,1101,Gäu,22
2019-07-02,246,Bern-Mittelland,100
2019-07-02,2102,Blenio,281
2019-07-02,315,Willisau,21
2019-07-02,1725,Sarganserland,25
2019-07-02,107,Meilen,29
2019-07-02,4,Uri,275
2019-07-02,506,Schwyz,73
2019-07-02,1902,Baden,32
2019-07-02,111,Dietikon,25
2019-07-02,1848,Plessur,28
2019-07-02,2106,Mendrisio,24023
2019-07-02,-1,Other,597
2019-07-03,101,Affoltern,42
2019-07-03,2104,Locarno,4058
2019-07-03,1724,Werdenberg,59
2019-07-03,25,Genève,65
2019-07-03,110,Winterthur,45
2019-07-03,2301,Brig,26
2019-07-03,1847,Moesa,589
2019-07-03,2105,Lugano,55376
2019-07-03,106,Horgen,48
2019-07-03,2103,Leventina,692
2019-07-03,312,Luzern-Land,59
2019-07-03,6,Obwalden,35
2019-07-03,1723,Rheintal,72
2019-07-03,2313,Visp,22
2019-07-03,1851,Viamala,45
2019-07-03,9,Zug,99
2019-07-03,109,Uster,51
2019-07-03,1842,Bernina,50
2019-07-03,2108,Vallemaggia,157
2019-07-03,2304,Goms,38
2019-07-03,311,Luzern-Stadt,185
2019-07-03,1846,Maloja,104
2019-07-03,1301,Arlesheim,48
2019-07-03,12,Basel-Stadt,165
2019-07-03,313,Hochdorf,33
2019-07-03,7,Nidwalden,34
2019-07-03,103,Bülach,86
2019-07-03,1841,Albula,24
2019-07-03,2101,Bellinzona,7998
2019-07-03,2107,Riviera,663
2019-07-03,112,Zürich,580
2019-07-03,314,Sursee,29
2019-07-03,250,Interlaken-Oberhasli,33
2019-07-03,1108,Olten,41
2019-07-03,1721,St. Gallen,24
2019-07-03,246,Bern-Mittelland,63
2019-07-03,2102,Blenio,280
2019-07-03,107,Meilen,42
2019-07-03,4,Uri,311
2019-07-03,506,Schwyz,74
2019-07-03,1902,Baden,37
2019-07-03,111,Dietikon,30
2019-07-03,1848,Plessur,33
2019-07-03,2106,Mendrisio,24403
2019-07-03,-1,Other,676
2019-07-04,2104,Locarno,3878
2019-07-04,1724,Werdenberg,51
2019-07-04,25,Genève,47
2019-07-04,110,Winterthur,68
2019-07-04,1847,Moesa,568
2019-07-04,2105,Lugano,56836
2019-07-04,106,Horgen,49
2019-07-04,2103,Leventina,793
2019-07-04,312,Luzern-Land,82
2019-07-04,6,Obwalden,37
2019-07-04,1723,Rheintal,102
2019-07-04,1851,Viamala,38
2019-07-04,9,Zug,105
2019-07-04,109,Uster,25
2019-07-04,1842,Bernina,41
2019-07-04,2108,Vallemaggia,146
2019-07-04,2304,Goms,26
2019-07-04,311,Luzern-Stadt,164
2019-07-04,1846,Maloja,164
2019-07-04,1301,Arlesheim,64
2019-07-04,12,Basel-Stadt,149
2019-07-04,313,Hochdorf,57
2019-07-04,7,Nidwalden,50
2019-07-04,103,Bülach,123
2019-07-04,1909,Rheinfelden,21
2019-07-04,1841,Albula,37
2019-07-04,2101,Bellinzona,8231
2019-07-04,1726,See-Gaster,21
2019-07-04,2107,Riviera,686
2019-07-04,112,Zürich,434
2019-07-04,1901,Aarau,21
2019-07-04,314,Sursee,33
2019-07-04,250,Interlaken-Oberhasli,57
2019-07-04,1108,Olten,23
2019-07-04,246,Bern-Mittelland,75
2019-07-04,2102,Blenio,293
2019-07-04,107,Meilen,42
2019-07-04,4,Uri,301
2019-07-04,506,Schwyz,89
2019-07-04,1004,La Sarine,24
2019-07-04,1902,Baden,63
2019-07-04,111,Dietikon,34
2019-07-04,1848,Plessur,28
2019-07-04,2106,Mendrisio,24881
2019-07-04,-1,Other,752
2019-07-05,1850,Surselva,37
2019-07-05,2104,Locarno,4023
2019-07-05,1724,Werdenberg,43
2019-07-05,1904,Brugg,23
2019-07-05,25,Genève,59
2019-07-05,110,Winterthur,104
2019-07-05,2301,Brig,25
2019-07-05,1847,Moesa,767
2019-07-05,2105,Lugano,57616
2019-07-05,106,Horgen,66
2019-07-05,1843,Engiadina Bassa/Val Müstair,29
2019-07-05,2103,Leventina,996
2019-07-05,312,Luzern-Land,70
2019-07-05,6,Obwalden,44
2019-07-05,1723,Rheintal,108
2019-07-05,1851,Viamala,107
2019-07-05,9,Zug,164
2019-07-05,109,Uster,40
2019-07-05,1842,Bernina,66
2019-07-05,2108,Vallemaggia,210
2019-07-05,2304,Goms,61
2019-07-05,503,Höfe,31
2019-07-05,311,Luzern-Stadt,220
2019-07-05,1846,Maloja,243
2019-07-05,1301,Arlesheim,59
2019-07-05,2225,Lausanne,22
2019-07-05,12,Basel-Stadt,168
2019-07-05,313,Hochdorf,46
2019-07-05,7,Nidwalden,54
2019-07-05,103,Bülach,97
2019-07-05,1841,Albula,80
2019-07-05,2101,Bellinzona,7458
2019-07-05,2107,Riviera,701
2019-07-05,112,Zürich,590
2019-07-05,1845,Landquart,60
2019-07-05,1901,Aarau,30
2019-07-05,314,Sursee,64
2019-07-05,250,Interlaken-Oberhasli,51
2019-07-05,1844,Imboden,24
2019-07-05,104,Dielsdorf,21
2019-07-05,1903,Bremgarten,25
2019-07-05,246,Bern-Mittelland,98
2019-07-05,2102,Blenio,381
2019-07-05,1725,Sarganserland,26
2019-07-05,1303,Liestal,29
2019-07-05,107,Meilen,35
2019-07-05,4,Uri,337
2019-07-05,506,Schwyz,87
2019-07-05,1004,La Sarine,26
2019-07-05,1902,Baden,50
2019-07-05,111,Dietikon,53
2019-07-05,1848,Plessur,26
2019-07-05,2106,Mendrisio,26911
2019-07-05,-1,Other,594
2019-07-06,101,Affoltern,38
2019-07-06,1850,Surselva,70
2019-07-06,2104,Locarno,2949
2019-07-06,1728,Wil,21
2019-07-06,1724,Werdenberg,85
2019-07-06,25,Genève,31
2019-07-06,1847,Moesa,576
2019-07-06,2105,Lugano,42546
2019-07-06,106,Horgen,50
2019-07-06,2103,Leventina,1226
2019-07-06,312,Luzern-Land,67
2019-07-06,6,Obwalden,29
2019-07-06,1723,Rheintal,152
2019-07-06,1851,Viamala,145
2019-07-06,9,Zug,92
2019-07-06,109,Uster,24
2019-07-06,1842,Bernina,98
2019-07-06,2108,Vallemaggia,333
2019-07-06,2304,Goms,52
2019-07-06,311,Luzern-Stadt,191
2019-07-06,1846,Maloja,150
2019-07-06,1301,Arlesheim,67
2019-07-06,12,Basel-Stadt,205
2019-07-06,313,Hochdorf,45
2019-07-06,7,Nidwalden,28
2019-07-06,103,Bülach,102
2019-07-06,1841,Albula,67
2019-07-06,2101,Bellinzona,4344
2019-07-06,2107,Riviera,495
2019-07-06,112,Zürich,425
2019-07-06,1845,Landquart,57
2019-07-06,1901,Aarau,22
2019-07-06,314,Sursee,56
2019-07-06,250,Interlaken-Oberhasli,28
2019-07-06,1844,Imboden,29
2019-07-06,1108,Olten,30
2019-07-06,246,Bern-Mittelland,45
2019-07-06,2102,Blenio,496
2019-07-06,107,Meilen,29
2019-07-06,4,Uri,338
2019-07-06,506,Schwyz,60
2019-07-06,1902,Baden,24
2019-07-06,111,Dietikon,23
2019-07-06,1848,Plessur,57
2019-07-06,2106,Mendrisio,17850
2019-07-06,-1,Other,661
2019-07-07,101,Affoltern,45
2019-07-07,1850,Surselva,49
2019-07-07,2104,Locarno,2609
2019-07-07,1724,Werdenberg,91
2019-07-07,25,Genève,73
2019-07-07,2603,Porrentruy,21
2019-07-07,504,Küssnacht (SZ),23
2019-07-07,110,Winterthur,65
2019-07-07,2301,Brig,38
2019-07-07,1847,Moesa,630
2019-07-07,2105,Lugano,32595
2019-07-07,106,Horgen,57
2019-07-07,2103,Leventina,998
2019-07-07,312,Luzern-Land,89
2019-07-07,6,Obwalden,62
2019-07-07,1723,Rheintal,209
2019-07-07,2313,Visp,31
2019-07-07,1910,Zofingen,30
2019-07-07,1402,Reiat,43
2019-07-07,1851,Viamala,144
2019-07-07,9,Zug,203
2019-07-07,109,Uster,66
2019-07-07,1842,Bernina,71
2019-07-07,2108,Vallemaggia,348
2019-07-07,2304,Goms,61
2019-07-07,503,Höfe,21
2019-07-07,244,Oberaargau,21
2019-07-07,311,Luzern-Stadt,275
2019-07-07,1846,Maloja,123
2019-07-07,1301,Arlesheim,86
2019-07-07,2225,Lausanne,33
2019-07-07,12,Basel-Stadt,312
2019-07-07,313,Hochdorf,67
2019-07-07,7,Nidwalden,67
2019-07-07,103,Bülach,138
2019-07-07,1841,Albula,66
2019-07-07,2101,Bellinzona,3284
2019-07-07,1726,See-Gaster,21
2019-07-07,2107,Riviera,430
2019-07-07,112,Zürich,793
2019-07-07,1845,Landquart,78
2019-07-07,314,Sursee,80
2019-07-07,2013,Kreuzlingen,21
2019-07-07,250,Interlaken-Oberhasli,64
2019-07-07,1844,Imboden,45
2019-07-07,104,Dielsdorf,36
2019-07-07,1108,Olten,53
2019-07-07,1721,St. Gallen,59
2019-07-07,1903,Bremgarten,24
2019-07-07,246,Bern-Mittelland,164
2019-07-07,2102,Blenio,413
2019-07-07,1725,Sarganserland,33
2019-07-07,107,Meilen,57
2019-07-07,4,Uri,397
2019-07-07,506,Schwyz,143
2019-07-07,1004,La Sarine,39
2019-07-07,1902,Baden,62
2019-07-07,111,Dietikon,48
2019-07-07,1848,Plessur,81
2019-07-07,2106,Mendrisio,14583
2019-07-07,-1,Other,718
2019-07-08,101,Affoltern,39
2019-07-08,1850,Surselva,35
2019-07-08,2104,Locarno,3392
2019-07-08,1724,Werdenberg,37
2019-07-08,25,Genève,51
2019-07-08,110,Winterthur,40
2019-07-08,2301,Brig,23
2019-07-08,1847,Moesa,576
2019-07-08,2105,Lugano,52790
2019-07-08,106,Horgen,61
2019-07-08,2103,Leventina,700
2019-07-08,312,Luzern-Land,56
2019-07-08,6,Obwalden,29
2019-07-08,1723,Rheintal,62
2019-07-08,1910,Zofingen,21
2019-07-08,1402,Reiat,21
2019-07-08,1851,Viamala,94
2019-07-08,9,Zug,160
2019-07-08,109,Uster,23
2019-07-08,1842,Bernina,35
2019-07-08,2108,Vallemaggia,150
2019-07-08,2304,Goms,36
2019-07-08,503,Höfe,28
2019-07-08,311,Luzern-Stadt,154
2019-07-08,1846,Maloja,109
2019-07-08,1301,Arlesheim,47
2019-07-08,12,Basel-Stadt,126
2019-07-08,313,Hochdorf,56
2019-07-08,7,Nidwalden,55
2019-07-08,103,Bülach,84
2019-07-08,1841,Albula,25
2019-07-08,2101,Bellinzona,7680
2019-07-08,2107,Riviera,699
2019-07-08,112,Zürich,479
2019-07-08,1845,Landquart,29
2019-07-08,1901,Aarau,31
2019-07-08,314,Sursee,40
2019-07-08,250,Interlaken-Oberhasli,31
2019-07-08,1844,Imboden,33
2019-07-08,1108,Olten,26
2019-07-08,1721,St. Gallen,35
2019-07-08,246,Bern-Mittelland,90
2019-07-08,1908,Muri,31
2019-07-08,2102,Blenio,304
2019-07-08,1725,Sarganserland,29
2019-07-08,1303,Liestal,28
2019-07-08,107,Meilen,28
2019-07-08,4,Uri,278
2019-07-08,506,Schwyz,202
2019-07-08,1004,La Sarine,24
2019-07-08,1902,Baden,48
2019-07-08,111,Dietikon,46
2019-07-08,1848,Plessur,29
2019-07-08,2106,Mendrisio,22399
2019-07-08,-1,Other,576
2019-07-09,2104,Locarno,3880
2019-07-09,1724,Werdenberg,33
2019-07-09,25,Genève,50
2019-07-09,110,Winterthur,31
2019-07-09,1847,Moesa,524
2019-07-09,2105,Lugano,53769
2019-07-09,106,Horgen,65
2019-07-09,2103,Leventina,724
2019-07-09,312,Luzern-Land,41
2019-07-09,6,Obwalden,46
2019-07-09,1723,Rheintal,58
2019-07-09,2313,Visp,32
2019-07-09,1851,Viamala,55
2019-07-09,9,Zug,111
2019-07-09,109,Uster,27
2019-07-09,1842,Bernina,39
2019-07-09,2108,Vallemaggia,130
2019-07-09,2304,Goms,48
2019-07-09,244,Oberaargau,21
2019-07-09,311,Luzern-Stadt,150
2019-07-09,1846,Maloja,76
2019-07-09,1301,Arlesheim,44
2019-07-09,2225,Lausanne,25
2019-07-09,12,Basel-Stadt,170
2019-07-09,103,Bülach,86
2019-07-09,2101,Bellinzona,8000
2019-07-09,2107,Riviera,615
2019-07-09,112,Zürich,505
2019-07-09,1845,Landquart,21
2019-07-09,1901,Aarau,26
2019-07-09,1849,Prättigau/Davos,22
2019-07-09,314,Sursee,47
2019-07-09,250,Interlaken-Oberhasli,36
2019-07-09,1844,Imboden,21
2019-07-09,104,Dielsdorf,25
2019-07-09,1108,Olten,36
2019-07-09,1721,St. Gallen,26
2019-07-09,246,Bern-Mittelland,70
2019-07-09,2102,Blenio,303
2019-07-09,315,Willisau,21
2019-07-09,107,Meilen,52
2019-07-09,4,Uri,337
2019-07-09,506,Schwyz,64
2019-07-09,1902,Baden,26
2019-07-09,111,Dietikon,29
2019-07-09,2106,Mendrisio,23305
2019-07-09,-1,Other,627
2019-07-10,101,Affoltern,26
2019-07-10,1850,Surselva,22
2019-07-10,2104,Locarno,3781
2019-07-10,1724,Werdenberg,42
2019-07-10,25,Genève,48
2019-07-10,1847,Moesa,543
2019-07-10,2105,Lugano,51082
2019-07-10,106,Horgen,78
2019-07-10,2103,Leventina,814
2019-07-10,312,Luzern-Land,54
2019-07-10,6,Obwalden,34
2019-07-10,1723,Rheintal,66
2019-07-10,2313,Visp,26
2019-07-10,1910,Zofingen,26
2019-07-10,1851,Viamala,79
2019-07-10,9,Zug,129
2019-07-10,109,Uster,43
2019-07-10,1842,Bernina,84
2019-07-10,2108,Vallemaggia,209
2019-07-10,2304,Goms,30
2019-07-10,311,Luzern-Stadt,193
2019-07-10,1846,Maloja,116
2019-07-10,1301,Arlesheim,58
2019-07-10,2225,Lausanne,34
2019-07-10,12,Basel-Stadt,146
2019-07-10,313,Hochdorf,34
2019-07-10,7,Nidwalden,34
2019-07-10,103,Bülach,106
2019-07-10,1841,Albula,39
2019-07-10,2101,Bellinzona,7492
2019-07-10,2107,Riviera,643
2019-07-10,112,Zürich,591
2019-07-10,1845,Landquart,22
2019-07-10,1901,Aarau,22
2019-07-10,314,Sursee,46
2019-07-10,250,Interlaken-Oberhasli,41
2019-07-10,1108,Olten,49
2019-07-10,1721,St. Gallen,38
2019-07-10,1903,Bremgarten,30
2019-07-10,246,Bern-Mittelland,84
2019-07-10,2102,Blenio,271
2019-07-10,315,Willisau,25
2019-07-10,1725,Sarganserland,24
2019-07-10,107,Meilen,30
2019-07-10,4,Uri,302
2019-07-10,506,Schwyz,78
2019-07-10,1902,Baden,33
2019-07-10,111,Dietikon,72
2019-07-10,1848,Plessur,36
2019-07-10,2106,Mendrisio,23089
2019-07-10,-1,Other,609
2019-07-11,101,Affoltern,36
2019-07-11,2104,Locarno,3510
2019-07-11,1724,Werdenberg,86
2019-07-11,25,Genève,27
2019-07-11,110,Winterthur,33
2019-07-11,2301,Brig,32
2019-07-11,1847,Moesa,486
2019-07-11,2105,Lugano,48038
2019-07-11,106,Horgen,65
2019-07-11,2103,Leventina,654
2019-07-11,312,Luzern-Land,42
2019-07-11,6,Obwalden,38
2019-07-11,1723,Rheintal,74
2019-07-11,1851,Viamala,43
2019-07-11,9,Zug,97
2019-07-11,109,Uster,22
2019-07-11,1842,Bernina,58
2019-07-11,2108,Vallemaggia,128
2019-07-11,2304,Goms,34
2019-07-11,105,Hinwil,39
2019-07-11,311,Luzern-Stadt,145
2019-07-11,1846,Maloja,78
2019-07-11,1301,Arlesheim,49
2019-07-11,12,Basel-Stadt,184
2019-07-11,313,Hochdorf,40
2019-07-11,7,Nidwalden,36
2019-07-11,103,Bülach,99
2019-07-11,1909,Rheinfelden,22
2019-07-11,1841,Albula,29
2019-07-11,2101,Bellinzona,7846
2019-07-11,2107,Riviera,599
2019-07-11,112,Zürich,427
2019-07-11,1845,Landquart,41
2019-07-11,2012,Frauenfeld,26
2019-07-11,1901,Aarau,31
2019-07-11,314,Sursee,33
2019-07-11,250,Interlaken-Oberhasli,49
2019-07-11,1844,Imboden,23
2019-07-11,104,Dielsdorf,23
2019-07-11,1903,Bremgarten,27
2019-07-11,246,Bern-Mittelland,82
2019-07-11,1908,Muri,26
2019-07-11,2102,Blenio,278
2019-07-11,242,Biel/Bienne,35
2019-07-11,4,Uri,255
2019-07-11,506,Schwyz,67
2019-07-11,1902,Baden,41
2019-07-11,111,Dietikon,25
2019-07-11,1848,Plessur,33
2019-07-11,2106,Mendrisio,22759
2019-07-11,-1,Other,712
2019-07-12,101,Affoltern,35
2019-07-12,1850,Surselva,41
2019-07-12,2104,Locarno,3459
2019-07-12,1724,Werdenberg,95
2019-07-12,25,Genève,46
2019-07-12,110,Winterthur,25
2019-07-12,2301,Brig,27
2019-07-12,1847,Moesa,557
2019-07-12,2105,Lugano,46668
2019-07-12,106,Horgen,61
2019-07-12,2103,Leventina,917
2019-07-12,312,Luzern-Land,54
2019-07-12,2011,Arbon,24
2019-07-12,6,Obwalden,46
2019-07-12,1723,Rheintal,141
2019-07-12,1910,Zofingen,21
2019-07-12,1851,Viamala,127
2019-07-12,9,Zug,119
2019-07-12,109,Uster,45
2019-07-12,1842,Bernina,54
2019-07-12,2108,Vallemaggia,228
2019-07-12,2304,Goms,47
2019-07-12,311,Luzern-Stadt,198
2019-07-12,1846,Maloja,159
2019-07-12,1301,Arlesheim,61
2019-07-12,12,Basel-Stadt,205
2019-07-12,313,Hochdorf,54
2019-07-12,7,Nidwalden,57
2019-07-12,103,Bülach,131
2019-07-12,1909,Rheinfelden,23
2019-07-12,1841,Albula,37
2019-07-12,2101,Bellinzona,6628
2019-07-12,1726,See-Gaster,29
2019-07-12,2107,Riviera,623
2019-07-12,112,Zürich,434
2019-07-12,1845,Landquart,31
2019-07-12,1901,Aarau,24
2019-07-12,1849,Prättigau/Davos,31
2019-07-12,314,Sursee,58
2019-07-12,250,Interlaken-Oberhasli,53
2019-07-12,1844,Imboden,22
2019-07-12,104,Dielsdorf,24
2019-07-12,1108,Olten,51
2019-07-12,1903,Bremgarten,30
2019-07-12,246,Bern-Mittelland,91
2019-07-12,2230,Riviera-Pays-d'Enhaut,24
2019-07-12,1908,Muri,43
2019-07-12,2102,Blenio,340
2019-07-12,315,Willisau,23
2019-07-12,1725,Sarganserland,29
2019-07-12,107,Meilen,35
2019-07-12,242,Biel/Bienne,22
2019-07-12,4,Uri,312
2019-07-12,506,Schwyz,95
2019-07-12,1004,La Sarine,34
2019-07-12,1902,Baden,52
2019-07-12,111,Dietikon,37
2019-07-12,1848,Plessur,45
2019-07-12,2106,Mendrisio,22808
2019-07-12,-1,Other,648
2019-07-13,101,Affoltern,23
2019-07-13,1850,Surselva,49
2019-07-13,2104,Locarno,2950
2019-07-13,1724,Werdenberg,116
2019-07-13,25,Genève,24
2019-07-13,110,Winterthur,38
2019-07-13,1847,Moesa,579
2019-07-13,2105,Lugano,36290
2019-07-13,106,Horgen,54
2019-07-13,2103,Leventina,1013
2019-07-13,312,Luzern-Land,60
2019-07-13,6,Obwalden,33
2019-07-13,1723,Rheintal,165
2019-07-13,2313,Visp,21
2019-07-13,1910,Zofingen,22
2019-07-13,1851,Viamala,119
2019-07-13,9,Zug,126
2019-07-13,109,Uster,36
2019-07-13,1842,Bernina,76
2019-07-13,2108,Vallemaggia,280
2019-07-13,2304,Goms,41
2019-07-13,311,Luzern-Stadt,189
2019-07-13,1846,Maloja,129
2019-07-13,1301,Arlesheim,111
2019-07-13,12,Basel-Stadt,351
2019-07-13,313,Hochdorf,31
2019-07-13,7,Nidwalden,57
2019-07-13,103,Bülach,91
2019-07-13,1841,Albula,60
2019-07-13,2101,Bellinzona,3917
2019-07-13,2107,Riviera,417
2019-07-13,112,Zürich,544
2019-07-13,1845,Landquart,56
2019-07-13,1901,Aarau,22
2019-07-13,1849,Prättigau/Davos,36
2019-07-13,314,Sursee,72
2019-07-13,250,Interlaken-Oberhasli,45
2019-07-13,1844,Imboden,42
2019-07-13,104,Dielsdorf,29
2019-07-13,1108,Olten,49
2019-07-13,1721,St. Gallen,39
2019-07-13,246,Bern-Mittelland,67
2019-07-13,1908,Muri,24
2019-07-13,2102,Blenio,413
2019-07-13,315,Willisau,23
2019-07-13,1725,Sarganserland,28
2019-07-13,1303,Liestal,23
2019-07-13,107,Meilen,35
2019-07-13,4,Uri,344
2019-07-13,506,Schwyz,146
2019-07-13,1902,Baden,46
2019-07-13,111,Dietikon,27
2019-07-13,1848,Plessur,53
2019-07-13,2106,Mendrisio,16310
2019-07-13,-1,Other,632
2019-07-14,101,Affoltern,56
2019-07-14,1850,Surselva,30
2019-07-14,2104,Locarno,2604
2019-07-14,2014,Münchwilen,23
2019-07-14,1728,Wil,27
2019-07-14,1305,Waldenburg,24
2019-07-14,1724,Werdenberg,120
2019-07-14,25,Genève,30
2019-07-14,110,Winterthur,66
2019-07-14,1907,Lenzburg,31
2019-07-14,2301,Brig,30
2019-07-14,1847,Moesa,604
2019-07-14,2105,Lugano,27374
2019-07-14,106,Horgen,83
2019-07-14,2103,Leventina,1139
2019-07-14,312,Luzern-Land,72
2019-07-14,2011,Arbon,22
2019-07-14,6,Obwalden,54
2019-07-14,1723,Rheintal,217
2019-07-14,2313,Visp,32
2019-07-14,1910,Zofingen,24
2019-07-14,1402,Reiat,24
2019-07-14,1851,Viamala,147
2019-07-14,9,Zug,235
2019-07-14,109,Uster,52
2019-07-14,1842,Bernina,41
2019-07-14,2108,Vallemaggia,310
2019-07-14,2304,Goms,64
2019-07-14,105,Hinwil,32
2019-07-14,244,Oberaargau,21
2019-07-14,311,Luzern-Stadt,194
2019-07-14,1846,Maloja,97
2019-07-14,1301,Arlesheim,97
2019-07-14,2225,Lausanne,33
2019-07-14,1403,Schaffhausen,36
2019-07-14,12,Basel-Stadt,278
2019-07-14,313,Hochdorf,75
2019-07-14,7,Nidwalden,49
2019-07-14,245,Emmental,21
2019-07-14,103,Bülach,126
2019-07-14,108,Pfäffikon,25
2019-07-14,1841,Albula,32
2019-07-14,2101,Bellinzona,2755
2019-07-14,1726,See-Gaster,36
2019-07-14,505,March,27
2019-07-14,2107,Riviera,381
2019-07-14,112,Zürich,867
2019-07-14,1845,Landquart,75
2019-07-14,1901,Aarau,23
2019-07-14,1849,Prättigau/Davos,36
2019-07-14,314,Sursee,70
2019-07-14,2013,Kreuzlingen,40
2019-07-14,250,Interlaken-Oberhasli,49
2019-07-14,1844,Imboden,27
2019-07-14,104,Dielsdorf,28
2019-07-14,1108,Olten,59
2019-07-14,1721,St. Gallen,73
2019-07-14,1903,Bremgarten,49
2019-07-14,8,Glarus,28
2019-07-14,246,Bern-Mittelland,108
2019-07-14,2230,Riviera-Pays-d'Enhaut,23
2019-07-14,1908,Muri,35
2019-07-14,2102,Blenio,422
2019-07-14,1725,Sarganserland,64
2019-07-14,1303,Liestal,25
2019-07-14,107,Meilen,82
2019-07-14,4,Uri,427
2019-07-14,506,Schwyz,154
2019-07-14,1004,La Sarine,28
2019-07-14,1902,Baden,43
2019-07-14,111,Dietikon,49
2019-07-14,1848,Plessur,66
2019-07-14,2106,Mendrisio,13874
2019-07-14,-1,Other,643
